customer_id,customer_name,mail,address,gender,create_time,city_id
0000000000,莫佳,pingliang@yahoo.com,河北省雪市锡山符路W座 468483,F,2014-09-15,00010
0000000001,张桂荣,jingshen@yahoo.com,浙江省秀兰市友好沈阳街r座 542375,F,2011-10-21,00010
0000000002,张凤兰,minxiong@hotmail.com,贵州省兰州县秀英贵阳街S座 997765,M,2020-06-09,00002
0000000003,余红霞,nafan@hotmail.com,贵州省太原县蓟州曾路W座 555082,F,2014-02-07,00009
0000000004,周娟,min51@hotmail.com,内蒙古自治区桂荣县和平郭路O座 137510,F,2016-08-14,00007
0000000005,潘柳,jun62@hotmail.com,江苏省建国市高港长春街C座 229645,F,2015-05-15,00003
0000000006,胡小红,jing21@yahoo.com,广东省桂英市六枝特韦街G座 316697,M,2016-05-21,00008
0000000007,张东,fangwan@yahoo.com,湖南省龙市高港齐齐哈尔街J座 668373,F,2018-11-26,00009
0000000008,张建国,weina@gmail.com,黑龙江省杭州市花溪兴安盟街Q座 422812,F,2015-08-31,00007
0000000009,王凤英,kzhu@hotmail.com,浙江省乌鲁木齐县上街昆明路m座 228216,M,2013-08-30,00009
0000000010,陈倩,glei@gmail.com,澳门特别行政区乌鲁木齐市龙潭朱路O座 331864,M,2018-06-12,00008
0000000011,徐超,juan06@yahoo.com,广东省北京市清河东莞路q座 746292,F,2013-11-17,00004
0000000012,罗萍,fyuan@hotmail.com,台湾省台北县怀柔佛山街x座 161511,M,2017-08-31,00005
0000000013,刘林,dliu@hotmail.com,山东省广州市白云惠州街V座 576914,F,2015-10-18,00008
0000000014,黄勇,guiying68@gmail.com,湖南省广州市锡山辽阳路T座 539981,F,2017-06-22,00009
0000000015,刘秀兰,dduan@gmail.com,重庆市南宁县和平通辽路a座 785114,F,2019-12-02,00003
0000000016,郭伟,maxiuying@yahoo.com,河北省东莞市黄浦宁德路E座 257298,F,2018-08-22,00004
0000000017,张桂芳,mengping@gmail.com,天津市潮州县清浦林路o座 673258,F,2014-12-02,00007
0000000018,谢艳,panchao@hotmail.com,江苏省关岭市白云刘街Z座 908351,F,2011-12-14,00003
0000000019,田瑞,jingjiang@hotmail.com,陕西省鑫市双滦梧州街S座 332342,F,2019-01-09,00008
0000000020,徐建,leiyan@gmail.com,湖南省琳市翔安澳门街V座 996696,M,2015-11-22,00004
0000000021,吴霞,pingsun@yahoo.com,黑龙江省凤英县高坪陈路z座 254172,F,2020-02-16,00008
0000000022,李宁,fang53@gmail.com,湖北省台北县牧野翟街T座 212206,F,2019-10-31,00010
0000000023,张岩,zhongna@hotmail.com,安徽省志强市大兴吕街y座 995931,M,2019-04-30,00007
0000000024,陈丹丹,fanjie@yahoo.com,湖南省贵阳市东丽刘路J座 557458,M,2018-09-10,00003
0000000025,罗玲,weitang@hotmail.com,青海省阜新市闵行钱街R座 221855,M,2013-02-01,00005
0000000026,胡荣,jinglin@hotmail.com,重庆市阳县萧山合肥路g座 298634,M,2015-09-10,00007
0000000027,李桂荣,thao@yahoo.com,浙江省呼和浩特县山亭邢街M座 812722,F,2014-06-28,00004
0000000028,马桂芝,wei10@gmail.com,贵州省桂珍市丰都曾路J座 969947,F,2018-08-06,00005
0000000029,吴梅,shenguiying@yahoo.com,陕西省呼和浩特县新城呼和浩特街y座 682812,M,2013-12-12,00006
0000000030,黄晶,yangshi@gmail.com,上海市兵县城北合山路U座 687995,M,2012-04-20,00005
0000000031,王红,shiqiang@hotmail.com,新疆维吾尔自治区娟县海港侯街V座 989142,F,2016-12-12,00002
0000000032,徐瑞,wulei@yahoo.com,重庆市琳县锡山刘路Q座 787452,F,2013-12-21,00004
0000000033,刘兵,lgu@yahoo.com,陕西省嘉禾市六枝特陈街U座 567548,F,2011-09-14,00007
0000000034,李想,dliao@yahoo.com,广西壮族自治区澳门市海港昆明路X座 692289,F,2017-03-17,00010
0000000035,顾秀华,lfu@gmail.com,山西省云县滨城翟街u座 693813,M,2017-07-29,00007
0000000036,唐婷婷,litao@yahoo.com,宁夏回族自治区红梅市上街张街k座 314554,M,2014-12-30,00002
0000000037,董琴,jing38@gmail.com,江西省俊县长寿陈街W座 489317,M,2013-05-10,00005
0000000038,姜玉兰,nhu@gmail.com,贵州省柳县永川南昌路u座 381506,M,2017-06-01,00001
0000000039,刘斌,ihou@hotmail.com,澳门特别行政区燕市清河海门路M座 159183,F,2016-12-02,00000
0000000040,马丹,ping05@gmail.com,吉林省呼和浩特县沈河哈尔滨街O座 515795,F,2019-05-23,00005
0000000041,王桂英,pren@gmail.com,台湾省淑华市花溪西宁街j座 615242,M,2014-09-25,00007
0000000042,陈坤,li65@gmail.com,江苏省秀珍县金平西安路M座 263846,F,2016-07-06,00004
0000000043,贺莉,iwen@hotmail.com,河北省建县平山冯路r座 137939,M,2018-12-25,00009
0000000044,邓东,chaoqin@gmail.com,上海市潜江县龙潭温路D座 239964,F,2012-04-27,00001
0000000045,雷雪梅,chaofang@gmail.com,宁夏回族自治区武汉市合川王路m座 856284,M,2017-03-31,00003
0000000046,卓璐,caoxia@hotmail.com,香港特别行政区建市安次何路h座 538455,M,2015-12-18,00008
0000000047,罗亮,jun06@hotmail.com,河北省欢县秀英长沙路c座 566602,M,2016-04-25,00004
0000000048,朱明,chaosun@hotmail.com,四川省合肥县涪城兴城街j座 310427,M,2016-09-17,00003
0000000049,王成,tqiao@hotmail.com,浙江省桂荣市蓟州郑州街d座 993814,F,2017-10-18,00006
0000000050,王浩,gang78@hotmail.com,湖南省郑州县梁平杭州街J座 705261,M,2015-07-02,00008
0000000051,秦雷,otian@yahoo.com,台湾省凤兰市平山南昌路S座 671465,M,2014-09-02,00006
0000000052,张敏,minsun@yahoo.com,山东省桂芝市上街王街k座 931861,F,2017-07-22,00000
0000000053,吴林,qiang85@hotmail.com,陕西省秀云县东城潜江街E座 511568,F,2017-07-04,00010
0000000054,李英,rsu@yahoo.com,广东省香港县房山银川街c座 221283,M,2017-12-01,00010
0000000055,杨淑兰,gang13@hotmail.com,辽宁省银川市平山兴安盟街r座 314643,M,2013-05-20,00001
0000000056,陶军,fbai@gmail.com,西藏自治区秀华市高港符路Q座 155997,F,2011-11-03,00008
0000000057,刘兰英,ldeng@yahoo.com,北京市红梅县城北杨街L座 604887,M,2013-05-15,00009
0000000058,张晶,jun83@hotmail.com,吉林省兰州县山亭乌鲁木齐街A座 864354,M,2017-08-29,00010
0000000059,李丹丹,gangfan@hotmail.com,河北省鑫市高坪澳门路r座 661795,M,2014-08-21,00006
0000000060,顾红梅,yaojing@hotmail.com,安徽省大冶市新城太原路v座 282203,M,2018-09-01,00009
0000000061,施桂兰,sujing@hotmail.com,宁夏回族自治区巢湖县朝阳张家港街M座 930866,F,2016-08-07,00005
0000000062,李杨,guiyingdu@gmail.com,山东省台北县沈河吴路D座 549912,F,2016-12-23,00002
0000000063,王佳,xiuying82@hotmail.com,江苏省武汉县朝阳南京街L座 683273,M,2018-08-20,00004
0000000064,杨淑华,juan88@yahoo.com,吉林省太原市永川天津路q座 726454,F,2012-12-07,00006
0000000065,倪霞,yang59@yahoo.com,浙江省六安市金平马街O座 279498,F,2016-07-07,00000
0000000066,和金凤,changtao@hotmail.com,青海省梧州县白云福州路Q座 792090,F,2012-03-02,00002
0000000067,孟娟,yan23@hotmail.com,广西壮族自治区琴县华龙石家庄街x座 102353,F,2020-03-23,00000
0000000068,陈玲,guiyinghou@yahoo.com,山西省兴城市城北杨路T座 489096,F,2020-03-19,00007
0000000069,唐建华,xiuying52@gmail.com,安徽省丽丽县静安刘路f座 753472,F,2013-02-17,00010
0000000070,谢红,nasong@hotmail.com,吉林省玉英县牧野合肥街a座 270259,M,2013-01-25,00004
0000000071,黄平,tao71@yahoo.com,山东省昆明县永川张路v座 809252,M,2016-01-05,00004
0000000072,谭秀芳,liuxia@gmail.com,福建省莉县淄川李街A座 317241,M,2016-07-28,00005
0000000073,李旭,li15@hotmail.com,上海市沈阳市静安梧州路T座 701576,F,2012-07-23,00007
0000000074,张欣,yang73@gmail.com,青海省石家庄县东丽傅街v座 181615,F,2012-02-06,00008
0000000075,陈玉华,yancao@yahoo.com,西藏自治区桂珍市长寿王路g座 959775,M,2017-12-14,00002
0000000076,王丹丹,cli@yahoo.com,四川省红市平山崔路m座 458697,M,2012-10-17,00003
0000000077,龚建平,leifang@hotmail.com,河南省呼和浩特县和平北京路r座 738982,F,2014-09-27,00009
0000000078,刘淑兰,kqian@gmail.com,湖北省呼和浩特市大兴巢湖路E座 451070,F,2015-08-25,00001
0000000079,李斌,jing64@yahoo.com,辽宁省洋市西夏上海街G座 771190,F,2012-08-21,00003
0000000080,宋婷婷,yinjun@hotmail.com,江苏省洋县双滦东莞路E座 111839,F,2013-03-07,00002
0000000081,李建华,jie28@hotmail.com,山东省桂荣市上街台北路o座 431348,F,2015-06-27,00000
0000000082,赵帆,chengqiang@hotmail.com,新疆维吾尔自治区南昌县高坪王路D座 620284,M,2012-12-05,00006
0000000083,文英,juan96@gmail.com,上海市凤兰县淄川兰州路f座 304326,F,2014-10-27,00005
0000000084,杜丽娟,weifang@hotmail.com,云南省英县和平潘街y座 340443,F,2012-09-01,00010
0000000085,庄建军,kongjun@gmail.com,安徽省拉萨市白云杨街M座 798727,M,2017-10-27,00007
0000000086,韦荣,yeyan@gmail.com,台湾省南宁县白云张路M座 308001,M,2019-10-01,00010
0000000087,唐飞,zhaotao@hotmail.com,广东省梧州县崇文童街T座 447015,M,2017-05-09,00009
0000000088,王婷婷,lzhang@hotmail.com,青海省婷县南溪呼和浩特街q座 222903,F,2016-04-19,00004
0000000089,孟洋,pingxiong@hotmail.com,安徽省龙县朝阳王街n座 526714,F,2018-07-28,00010
0000000090,魏岩,xia87@yahoo.com,香港特别行政区永安县永川辽阳路w座 754671,M,2016-06-25,00008
0000000091,夏桂珍,xiulanjia@gmail.com,香港特别行政区太原县长寿周路O座 890604,M,2017-08-09,00006
0000000092,黄静,guiyingcui@yahoo.com,云南省长春县锡山合肥街m座 608164,F,2015-11-24,00001
0000000093,曹柳,lizhou@gmail.com,云南省玉兰县海港徐路z座 410360,M,2016-03-31,00006
0000000094,李丽娟,guguiying@hotmail.com,吉林省潮州县永川呼和浩特路c座 331187,M,2016-01-16,00002
0000000095,王健,taozou@hotmail.com,新疆维吾尔自治区岩县璧山朴路p座 382982,F,2020-07-15,00005
0000000096,任娜,jun10@yahoo.com,青海省银川县新城汕尾街J座 329584,M,2014-03-13,00006
0000000097,潘倩,taoqian@gmail.com,山西省齐齐哈尔市山亭上海街H座 555631,F,2014-01-30,00003
0000000098,沈欢,asong@gmail.com,四川省合山县静安齐齐哈尔街F座 345515,F,2018-11-18,00001
0000000099,马燕,xuejie@hotmail.com,宁夏回族自治区英市新城石家庄路n座 499589,F,2016-12-19,00000
0000000100,李洁,weizhang@gmail.com,宁夏回族自治区天津市沙湾辛集街q座 950606,F,2012-09-29,00008
0000000101,王浩,gang86@gmail.com,江西省桂花市安次宜都街t座 687627,M,2014-09-21,00004
0000000102,刘燕,jinghao@hotmail.com,陕西省帆市沙市永安路W座 177177,M,2016-11-02,00000
0000000103,李凤兰,fkong@gmail.com,黑龙江省凤英市牧野南京街F座 666132,F,2012-10-22,00001
0000000104,李燕,yongwen@yahoo.com,浙江省西宁县崇文马鞍山路a座 700323,M,2013-05-26,00001
0000000105,李桂花,qiangjia@gmail.com,四川省桂荣县朝阳王路X座 220195,M,2012-03-28,00008
0000000106,涂桂兰,zouyong@hotmail.com,海南省秀梅市城北盖路P座 246665,M,2018-02-05,00008
0000000107,赵刚,qiang96@yahoo.com,四川省洋市龙潭六安街v座 759231,M,2013-02-03,00009
0000000108,石磊,lzeng@gmail.com,山西省凤兰县海陵李路d座 740424,M,2018-08-20,00009
0000000109,姚超,yilei@gmail.com,天津市成市白云郑街c座 446668,F,2019-02-10,00004
0000000110,杨桂花,shaotao@gmail.com,广东省梅市沈河巢湖街i座 990286,M,2016-05-20,00003
0000000111,庞桂花,xia18@hotmail.com,重庆市敏县合川林街x座 196303,M,2020-03-16,00004
0000000112,郑明,huwei@hotmail.com,广东省潮州县安次六安路p座 190042,F,2020-05-08,00001
0000000113,钟静,yding@hotmail.com,河北省宁县花溪邹街J座 466540,F,2019-07-22,00004
0000000114,李旭,zhugang@yahoo.com,上海市哈尔滨市沈北新李路i座 317505,M,2012-01-14,00006
0000000115,杨明,sulei@gmail.com,贵州省龙县山亭关岭路z座 448549,M,2017-09-05,00000
0000000116,赵丹,jing62@gmail.com,上海市利市龙潭邯郸街b座 254824,M,2019-06-30,00006
0000000117,沈俊,jingxia@yahoo.com,广西壮族自治区邯郸县清浦长春路n座 706859,F,2018-02-22,00002
0000000118,田畅,na67@hotmail.com,云南省建市梁平常路A座 878972,M,2012-10-04,00006
0000000119,傅龙,guiyingsun@gmail.com,海南省兰州县闵行阜新路i座 203890,F,2016-07-10,00010
0000000120,刘颖,eshi@yahoo.com,重庆市天津市牧野关岭街K座 292719,F,2018-12-28,00008
0000000121,张华,ihuang@yahoo.com,辽宁省冬梅县萧山梁路R座 746267,M,2013-10-12,00010
0000000122,张红,nakang@yahoo.com,湖南省合肥县沈北新北镇街B座 472531,F,2019-03-22,00006
0000000123,周亮,yuanxiulan@yahoo.com,山西省阳县长寿荆门路g座 462066,F,2016-05-08,00010
0000000124,吴琳,ping77@hotmail.com,北京市玉兰县璧山杭州路b座 853075,F,2015-01-17,00009
0000000125,陈佳,mtian@gmail.com,吉林省沈阳市普陀合肥街r座 523112,M,2013-11-09,00006
0000000126,曾红霞,lxia@yahoo.com,山东省北镇市双滦深圳街H座 652741,M,2019-09-06,00007
0000000127,周秀兰,zpeng@yahoo.com,湖南省汕尾市涪城李街B座 884677,M,2015-04-17,00000
0000000128,曹娟,shenchao@gmail.com,江苏省辉市滨城陈路a座 815726,M,2018-12-29,00001
0000000129,关欣,weizou@hotmail.com,云南省静市锡山曹街L座 405652,F,2011-10-29,00000
0000000130,石红,yuyan@gmail.com,宁夏回族自治区北镇市丰都马鞍山街o座 637893,M,2016-08-06,00006
0000000131,苏帆,leizheng@hotmail.com,安徽省佛山市友好深圳路G座 261314,M,2018-07-03,00004
0000000132,朱洋,daiyang@yahoo.com,广东省大冶市南湖呼和浩特街y座 634105,F,2013-10-24,00009
0000000133,叶东,guiying82@yahoo.com,安徽省乌鲁木齐市山亭郭街E座 346599,M,2011-11-27,00001
0000000134,王俊,ping57@gmail.com,西藏自治区秀英县怀柔王街W座 609445,F,2019-12-19,00003
0000000135,曹旭,yongsu@hotmail.com,安徽省东莞县滨城金街j座 283388,M,2016-08-26,00003
0000000136,黄鹏,leilong@hotmail.com,山东省萍县淄川姜街P座 359022,M,2017-12-01,00008
0000000137,邱旭,xiulan93@hotmail.com,福建省长沙县闵行马街k座 225177,F,2013-01-02,00008
0000000138,谢帆,eshi@hotmail.com,安徽省欣县新城上海街S座 225660,F,2018-11-08,00008
0000000139,李静,jieli@yahoo.com,澳门特别行政区太原县沈北新长春街E座 476949,M,2020-03-02,00010
0000000140,向欢,minye@gmail.com,贵州省郑州市西峰宁德路C座 592600,M,2020-06-12,00008
0000000141,丛伟,ping72@hotmail.com,宁夏回族自治区上海县西峰重庆路C座 485267,M,2020-06-30,00000
0000000142,陈玉,sqiu@gmail.com,甘肃省哈尔滨市怀柔陈街L座 161968,F,2020-03-08,00003
0000000143,康英,xding@yahoo.com,河北省宜都市滨城姚街Y座 253038,F,2020-07-28,00009
0000000144,张桂荣,leimao@gmail.com,青海省郑州市黄浦六盘水街A座 565414,F,2012-03-14,00003
0000000145,傅晨,tluo@yahoo.com,上海市拉萨市沈北新西安街S座 117767,M,2015-08-07,00004
0000000146,孙瑜,minye@gmail.com,河北省西宁县海港合肥路w座 450845,F,2012-08-28,00007
0000000147,胡利,lei70@hotmail.com,海南省邯郸县普陀丁路t座 638421,F,2014-06-14,00002
0000000148,潘洁,yangzhong@hotmail.com,重庆市丽华县和平潜江街r座 695298,M,2015-03-12,00002
0000000149,潘红梅,gangshen@gmail.com,青海省银川市长寿吴街p座 973153,F,2016-04-17,00003
0000000150,胡强,yang90@yahoo.com,天津市华市翔安福州街l座 899574,F,2019-11-10,00001
0000000151,李玉珍,zhuwei@yahoo.com,河南省桂兰县山亭通辽路p座 990051,F,2013-06-09,00009
0000000152,邓璐,fangren@hotmail.com,陕西省荆门县朝阳拉萨街F座 842269,F,2016-02-13,00001
0000000153,王丹,lyu@yahoo.com,四川省龙县闵行淮安路S座 919983,M,2016-03-05,00002
0000000154,苏林,dengping@hotmail.com,香港特别行政区桂芝市西峰呼和浩特路G座 706223,M,2014-08-14,00007
0000000155,乔丽娟,chao15@hotmail.com,河北省淑珍市门头沟邓路Z座 603722,F,2018-01-13,00008
0000000156,耿颖,jie35@hotmail.com,西藏自治区欢市门头沟辽阳路C座 929169,M,2019-03-14,00006
0000000157,方燕,gang50@yahoo.com,北京市健县白云杨路K座 480460,M,2019-03-19,00002
0000000158,王宇,nfang@yahoo.com,天津市长沙县锡山长沙街A座 542115,M,2013-11-08,00007
0000000159,张秀兰,zhangyan@yahoo.com,浙江省强县萧山陈街g座 577445,M,2011-09-01,00000
0000000160,时秀华,jing82@gmail.com,湖北省西宁县东城澳门路V座 903810,M,2015-07-20,00010
0000000161,巫秀兰,fangyan@gmail.com,贵州省磊县城东永安路t座 262846,F,2013-11-21,00002
0000000162,钟欣,jie32@yahoo.com,青海省秀芳市朝阳姚路t座 887838,F,2013-11-19,00005
0000000163,柴彬,taohou@gmail.com,天津市大冶市兴山西宁路I座 600352,M,2012-07-12,00008
0000000164,荆凤英,motao@hotmail.com,北京市凯市城东郑街y座 330741,M,2018-08-09,00010
0000000165,张旭,tanjie@yahoo.com,新疆维吾尔自治区兴安盟县永川阜新街T座 125797,F,2016-08-18,00003
0000000166,谭浩,xiongjing@hotmail.com,陕西省坤县滨城刘路L座 285091,F,2016-07-08,00005
0000000167,冯利,ping39@gmail.com,香港特别行政区慧县大兴香港街q座 542824,M,2019-02-09,00002
0000000168,冯畅,fyin@hotmail.com,宁夏回族自治区雪梅县永川沈阳街H座 876823,F,2018-12-05,00006
0000000169,黄兵,xiulanfang@gmail.com,河南省明县西峰刘街P座 501718,F,2018-11-01,00004
0000000170,宁燕,gonglei@yahoo.com,甘肃省宁德县大兴北镇路t座 786019,M,2015-03-23,00007
0000000171,朱斌,zhanglei@hotmail.com,内蒙古自治区沈阳市璧山熊路W座 434494,F,2014-12-02,00000
0000000172,吴桂珍,xiulanyin@gmail.com,甘肃省桂花市南湖长春路u座 922364,M,2018-03-28,00004
0000000173,李玉华,tianyan@hotmail.com,新疆维吾尔自治区磊市新城六盘水街z座 125327,M,2015-07-22,00008
0000000174,陈瑞,min49@yahoo.com,河北省畅市金平余路R座 533643,M,2016-07-13,00010
0000000175,曾坤,guiying51@hotmail.com,台湾省哈尔滨县丰都拉萨街W座 232093,F,2012-05-30,00008
0000000176,江桂香,juan63@gmail.com,澳门特别行政区畅市新城淮安路h座 922603,F,2014-05-20,00001
0000000177,姜健,mqiu@yahoo.com,黑龙江省合山县梁平太原街L座 158848,M,2017-02-19,00009
0000000178,周玲,ming91@gmail.com,四川省龙市上街梁路Q座 620895,M,2016-08-13,00000
0000000179,吴慧,dtao@gmail.com,黑龙江省玲县普陀香港路K座 857424,M,2016-09-10,00002
0000000180,魏洋,xiulan79@gmail.com,浙江省嘉禾市沈河潘路M座 497093,F,2018-11-18,00008
0000000181,李萍,nalin@gmail.com,四川省春梅市双滦张街B座 678536,F,2011-12-21,00006
0000000182,许娜,gangwan@hotmail.com,江苏省巢湖县徐汇李街h座 440438,F,2017-06-20,00008
0000000183,雷颖,yongyin@gmail.com,天津市桂芝县秀英太原路X座 128839,F,2012-03-02,00010
0000000184,李宇,xiongtao@gmail.com,黑龙江省桂英县江北杨路r座 934033,F,2014-06-11,00005
0000000185,徐丽丽,awei@yahoo.com,宁夏回族自治区北京市城北哈尔滨路E座 212419,M,2016-01-19,00004
0000000186,唐淑英,qiangliao@gmail.com,海南省刚县南长太原路U座 624774,M,2019-12-29,00008
0000000187,梁秀珍,yong13@gmail.com,山西省阜新市江北六盘水路F座 771913,M,2015-09-20,00010
0000000188,李桂芝,gang72@yahoo.com,黑龙江省关岭市西夏章街U座 938545,M,2014-01-05,00007
0000000189,杨军,juanyao@yahoo.com,澳门特别行政区红霞县安次徐街G座 816018,F,2016-03-08,00007
0000000190,豆雷,chaohao@hotmail.com,河北省潮州县江北南昌路x座 445295,F,2020-04-19,00006
0000000191,彭建,yong88@hotmail.com,河北省利市海陵汤路a座 375153,M,2018-03-13,00010
0000000192,李慧,twu@yahoo.com,安徽省淑英县清河陈路o座 788585,F,2016-11-09,00007
0000000193,禹秀荣,yanmo@yahoo.com,黑龙江省桂荣县华龙龚街t座 809433,M,2013-10-24,00007
0000000194,刘杨,yanfang@yahoo.com,上海市平市安次长沙路a座 612225,M,2019-10-22,00005
0000000195,龚红霞,na51@gmail.com,上海市建国县滨城海门路C座 712188,M,2019-11-13,00005
0000000196,熊小红,xgong@yahoo.com,四川省辉县大兴陆街y座 148674,M,2018-01-03,00001
0000000197,黄金凤,guiyinghao@yahoo.com,山西省长春县璧山李路e座 788156,M,2013-05-12,00006
0000000198,姚琴,zhongna@hotmail.com,陕西省文县高港宋路l座 748326,M,2020-07-28,00010
0000000199,张梅,ctan@gmail.com,内蒙古自治区冬梅县蓟州大冶街P座 975888,M,2014-08-09,00009
0000000200,李帅,luoxia@hotmail.com,云南省璐县江北成都路O座 522150,F,2013-07-31,00000
0000000201,江峰,zhujuan@hotmail.com,西藏自治区成都市秀英长沙路f座 209895,F,2015-05-19,00008
0000000202,王英,mjia@yahoo.com,上海市秀华市龙潭郭路I座 572402,F,2014-01-06,00009
0000000203,谭桂花,chao08@yahoo.com,江苏省巢湖市高坪郭街t座 985846,M,2014-07-28,00004
0000000204,朱军,fshi@gmail.com,新疆维吾尔自治区志强县门头沟陈街b座 785676,F,2015-02-25,00005
0000000205,白成,chaosu@yahoo.com,青海省强市丰都宜都街e座 702107,M,2011-09-27,00004
0000000206,张峰,zhaoping@gmail.com,广西壮族自治区勇县沈北新陈街Q座 509360,F,2017-03-09,00003
0000000207,刘建军,rren@yahoo.com,新疆维吾尔自治区呼和浩特市华龙大冶街s座 408135,M,2015-09-12,00010
0000000208,吴洋,guiyingtan@hotmail.com,青海省秀芳市江北海口街T座 985486,F,2018-05-22,00006
0000000209,曹丹丹,fangduan@gmail.com,湖南省鹏市西夏南京路H座 369769,M,2020-05-21,00008
0000000210,李建军,moqiang@yahoo.com,海南省杭州市璧山包路H座 154574,F,2014-12-18,00005
0000000211,黄桂芳,jing08@gmail.com,海南省广州县滨城惠州路N座 687494,F,2014-03-15,00008
0000000212,赵颖,yonglong@yahoo.com,天津市太原市清城李街D座 154543,F,2014-04-19,00004
0000000213,刘丽华,wei25@hotmail.com,上海市沈阳县怀柔郑州街H座 223725,F,2019-04-08,00007
0000000214,黄静,fangtang@gmail.com,江苏省惠州市海陵赵路g座 510226,F,2013-08-02,00007
0000000215,郭红梅,taodu@hotmail.com,海南省桂香市龙潭宜都街H座 679608,F,2012-05-10,00002
0000000216,王洁,yanshao@yahoo.com,安徽省明市沈北新深圳路E座 549105,M,2016-01-19,00006
0000000217,朱凯,jingfu@gmail.com,陕西省勇县沈北新韩路O座 454183,F,2014-07-18,00009
0000000218,郭桂英,zouping@yahoo.com,云南省琴市永川六安路N座 590340,F,2015-01-15,00001
0000000219,张飞,guoxiulan@gmail.com,广西壮族自治区淮安县高明王路b座 485728,F,2012-05-07,00009
0000000220,刘玉兰,kangjing@yahoo.com,陕西省南京市长寿呼和浩特街z座 789622,F,2016-06-26,00009
0000000221,廖秀云,sjin@gmail.com,云南省斌县南长马街A座 416344,F,2016-07-20,00008
0000000222,曹鹏,kongyang@yahoo.com,上海市东莞市大兴贾路r座 760934,F,2014-05-15,00009
0000000223,管雪梅,pluo@yahoo.com,黑龙江省西安县璧山太原街o座 236222,F,2019-09-04,00008
0000000224,孙玉华,fjia@gmail.com,云南省坤市牧野易街I座 908399,M,2014-04-12,00006
0000000225,刘燕,jun97@gmail.com,甘肃省兴安盟市锡山天津街e座 132722,F,2013-05-19,00004
0000000226,王杰,jun82@gmail.com,陕西省郑州县西夏郑州路C座 351812,F,2019-08-20,00010
0000000227,汪东,klin@yahoo.com,四川省呼和浩特县浔阳天津街H座 972214,F,2017-11-16,00003
0000000228,任秀兰,xiuyingxu@yahoo.com,海南省郑州县江北台北路r座 545687,M,2013-09-26,00009
0000000229,张建,qiang19@gmail.com,广西壮族自治区萍县孝南李街d座 266475,F,2013-08-23,00004
0000000230,王佳,pingcheng@hotmail.com,福建省成都市金平拉萨街j座 743648,M,2016-07-26,00003
0000000231,邱建华,taomin@gmail.com,福建省健县海陵官街t座 509360,F,2012-04-12,00007
0000000232,黄兰英,xiayin@hotmail.com,四川省石家庄县蓟州辛集路c座 233820,M,2015-10-20,00000
0000000233,黄桂珍,maoxia@hotmail.com,黑龙江省丽华市门头沟岳路N座 221660,F,2016-02-02,00009
0000000234,连洋,na12@yahoo.com,陕西省哈尔滨市徐汇太原街r座 293356,F,2019-06-18,00001
0000000235,赖玉华,xiulan99@hotmail.com,宁夏回族自治区洋县长寿阜新路S座 526919,F,2013-02-08,00005
0000000236,王宁,chaoma@yahoo.com,广西壮族自治区西安县花溪陈路X座 800953,F,2013-06-14,00004
0000000237,姚涛,houlei@hotmail.com,北京市芳县淄川哈尔滨路C座 275226,F,2011-12-27,00005
0000000238,胡璐,gangdai@hotmail.com,山西省雪梅市蓟州田路D座 622750,M,2015-07-23,00006
0000000239,徐俊,jun90@hotmail.com,吉林省杭州县江北陈路G座 938588,M,2012-11-23,00002
0000000240,蒋娜,huangli@yahoo.com,江西省燕市金平银川街y座 660683,M,2012-10-05,00000
0000000241,童慧,czhou@yahoo.com,青海省马鞍山市静安太原街x座 545484,F,2012-03-15,00002
0000000242,李雷,ejia@gmail.com,青海省重庆县海港香港路x座 373928,F,2012-08-19,00008
0000000243,牛玉英,taoxie@yahoo.com,江西省桂芝县西夏蒋街i座 846894,M,2017-10-03,00004
0000000244,陶平,jiangchao@yahoo.com,福建省宜都县萧山周路B座 292364,F,2014-09-16,00005
0000000245,孙玉英,omeng@yahoo.com,云南省南京市南溪淮安路p座 486744,M,2018-06-12,00004
0000000246,杨梅,xiuyinglu@gmail.com,天津市艳市黄浦沈阳路B座 829983,M,2014-04-13,00001
0000000247,范晨,lei19@gmail.com,北京市颖市永川通辽路R座 597734,F,2012-01-02,00007
0000000248,李龙,efu@gmail.com,北京市沈阳县城北周路H座 701906,F,2013-11-02,00008
0000000249,阳婷,wuqiang@gmail.com,辽宁省武汉县门头沟黄街Z座 674125,M,2017-07-26,00006
0000000250,李健,chao40@yahoo.com,辽宁省西宁市崇文冯路S座 682586,M,2013-10-21,00008
0000000251,龙璐,jun01@yahoo.com,海南省亮县金平李街G座 114137,M,2012-12-14,00009
0000000252,邓畅,jing36@hotmail.com,黑龙江省西安市和平李街a座 895335,F,2014-09-08,00009
0000000253,刘玉,jun84@yahoo.com,河北省荣县崇文兴城街J座 637789,F,2017-02-12,00004
0000000254,李建华,hqin@hotmail.com,江西省龙县平山福州街J座 855600,F,2018-01-01,00005
0000000255,王红梅,jingyin@yahoo.com,浙江省哈尔滨县牧野黄街p座 881864,M,2018-06-03,00005
0000000256,马楠,zwen@yahoo.com,湖北省桂芝市徐汇福州街T座 360375,F,2014-09-16,00005
0000000257,焦彬,yang83@hotmail.com,香港特别行政区澳门市涪城邯郸街l座 557465,M,2014-12-02,00000
0000000258,高林,fang30@gmail.com,广东省通辽县高坪王街J座 162760,F,2019-08-20,00008
0000000259,李燕,yong20@yahoo.com,宁夏回族自治区宁县沈北新邵路J座 705558,M,2012-09-03,00002
0000000260,李云,yang48@gmail.com,福建省北京市梁平王路S座 349308,F,2014-03-27,00008
0000000261,王丽丽,gaoqiang@hotmail.com,云南省六安县海港台北路d座 524312,M,2016-06-23,00008
0000000262,萧红梅,linjing@gmail.com,福建省慧县静安潮州街o座 433557,F,2019-07-26,00010
0000000263,胡平,wcheng@gmail.com,浙江省张家港市六枝特湛街b座 375559,M,2019-05-12,00009
0000000264,朱军,udu@hotmail.com,内蒙古自治区峰县沙市袁街j座 505922,M,2015-10-28,00010
0000000265,刘桂芝,taokang@yahoo.com,云南省沈阳县大兴南宁街O座 909491,M,2014-10-14,00001
0000000266,赵萍,xiulan40@gmail.com,湖南省北京县崇文哈尔滨路x座 686519,F,2019-06-27,00004
0000000267,郭萍,yxia@hotmail.com,台湾省淮安县高坪罗街Y座 591291,M,2013-10-13,00004
0000000268,孙建华,changfang@gmail.com,河北省琴市双滦宋街F座 820437,F,2016-07-27,00010
0000000269,奚金凤,weiqiao@hotmail.com,海南省利市友好郭路q座 842222,F,2020-05-07,00004
0000000270,张琴,ming02@hotmail.com,安徽省北镇县牧野六安街Q座 659388,M,2013-07-23,00008
0000000271,刘雪梅,tao90@hotmail.com,香港特别行政区张家港县魏都李街d座 102434,M,2015-05-11,00004
0000000272,王浩,min07@gmail.com,湖南省汕尾县浔阳袁路f座 794811,M,2020-07-13,00002
0000000273,杨俊,adu@hotmail.com,内蒙古自治区萍市沈河沈阳街c座 769262,F,2018-12-31,00004
0000000274,王坤,gang47@hotmail.com,河北省岩市吉区苏路B座 870408,M,2016-12-23,00008
0000000275,冯华,qiaoxiulan@hotmail.com,广西壮族自治区成都县东丽冯路V座 893615,M,2012-07-18,00006
0000000276,杜玉珍,qiaofang@gmail.com,湖南省玲市萧山汕尾街i座 473648,M,2013-04-07,00000
0000000277,姜佳,yongding@gmail.com,重庆市济南县大东南京街J座 838053,M,2014-08-23,00008
0000000278,张桂芳,ohou@gmail.com,辽宁省佛山县花溪冯街h座 299601,F,2013-08-31,00004
0000000279,陈志强,fang93@gmail.com,青海省梅县合川王街V座 914435,M,2018-08-24,00005
0000000280,覃桂芝,qiang30@gmail.com,陕西省宇市六枝特梅街m座 172112,M,2014-10-22,00007
0000000281,李燕,hlu@yahoo.com,陕西省太原县徐汇金街G座 378586,M,2017-01-09,00000
0000000282,文亮,yongqin@yahoo.com,内蒙古自治区莹县魏都拉萨街l座 986058,M,2017-03-17,00007
0000000283,陈晨,xiulan08@yahoo.com,天津市昆明县东城刘路b座 725218,M,2012-04-15,00002
0000000284,刘浩,ming23@yahoo.com,内蒙古自治区东莞县海陵北镇路g座 186223,M,2015-01-26,00005
0000000285,黄秀云,uxiao@hotmail.com,天津市香港市永川祝路n座 493767,F,2012-08-19,00003
0000000286,董雪梅,jzeng@yahoo.com,上海市欢市璧山西宁街t座 964438,M,2019-09-22,00002
0000000287,伍晨,songxiuying@gmail.com,海南省宁市山亭六安路a座 177726,M,2013-09-28,00001
0000000288,林建军,jie69@gmail.com,上海市淮安市南溪马街j座 546709,M,2012-05-08,00000
0000000289,吴玉英,lei86@gmail.com,山西省荆门县秀英哈尔滨街z座 463833,M,2016-03-31,00007
0000000290,杨丽丽,qiang30@yahoo.com,西藏自治区东县城北兴安盟路X座 571294,F,2011-08-16,00004
0000000291,苏璐,pinglong@hotmail.com,重庆市惠州市花溪王街g座 329123,M,2018-10-13,00005
0000000292,曹岩,guiying57@gmail.com,河北省马鞍山市秀英成街q座 869411,M,2015-12-26,00010
0000000293,陈莹,jsun@gmail.com,黑龙江省昆明县梁平黄街D座 403633,F,2017-12-19,00009
0000000294,王玉,mwang@hotmail.com,河南省呼和浩特县上街张路M座 717716,M,2012-07-15,00004
0000000295,陈冬梅,qiang84@yahoo.com,安徽省玉县清城谭街B座 518400,M,2015-02-26,00007
0000000296,曹荣,jinmin@yahoo.com,四川省辛集市秀英崔路x座 342830,M,2014-02-28,00008
0000000297,杨文,shenqiang@gmail.com,辽宁省琴县沙湾罗街x座 159007,F,2017-10-21,00006
0000000298,熊凤英,yegang@yahoo.com,云南省婷市龙潭李街K座 134177,F,2018-09-23,00010
0000000299,徐雪梅,tpan@yahoo.com,贵州省志强县南长覃路y座 763591,F,2015-12-02,00003
0000000300,李浩,guiying85@gmail.com,天津市西宁市怀柔陈街h座 860021,M,2012-08-21,00005
0000000301,李涛,xia17@hotmail.com,山西省柳市梁平北京街c座 738835,M,2011-09-10,00004
0000000302,席彬,ehu@gmail.com,吉林省慧县城东陈路U座 832400,M,2011-12-13,00002
0000000303,马丽丽,zhenglei@gmail.com,重庆市海口县秀英张路X座 697919,M,2013-11-23,00001
0000000304,徐强,huming@hotmail.com,台湾省潜江市大兴吴路W座 347267,F,2012-06-25,00001
0000000305,刘海燕,bzheng@hotmail.com,四川省亮县怀柔齐齐哈尔街u座 807571,F,2013-01-19,00008
0000000306,张萍,qiangsun@gmail.com,辽宁省海门县沙市马鞍山路t座 110121,F,2014-09-23,00007
0000000307,张辉,xfang@gmail.com,湖北省琳县白云北京街L座 776502,F,2015-02-16,00001
0000000308,陶鹏,zoulei@yahoo.com,内蒙古自治区文市梁平邯郸路J座 798367,F,2014-06-29,00008
0000000309,刘红梅,imeng@gmail.com,山西省合肥县高坪长春街V座 956840,M,2012-08-16,00007
0000000310,刘英,ganghuang@gmail.com,辽宁省马鞍山市蓟州高路M座 428974,F,2015-08-26,00004
0000000311,郑阳,chaodong@gmail.com,新疆维吾尔自治区天津县沙湾永安街L座 796203,M,2018-09-17,00008
0000000312,李桂荣,ming64@gmail.com,甘肃省明市平山北京路O座 793260,M,2019-12-29,00009
0000000313,孙畅,qiang51@gmail.com,河南省华市锡山鲍路Y座 274019,M,2016-05-18,00010
0000000314,柳丽,vfan@yahoo.com,宁夏回族自治区秀英县璧山张路S座 404056,M,2017-08-13,00007
0000000315,何丽华,qianjing@yahoo.com,江苏省辛集市朝阳南昌街u座 135555,M,2018-11-21,00004
0000000316,徐敏,jie47@yahoo.com,广东省台北县永川胡路N座 957903,F,2017-04-15,00007
0000000317,廖梅,dengxiuying@yahoo.com,香港特别行政区兴安盟市华龙马鞍山街c座 475428,M,2016-10-27,00005
0000000318,张雷,shenjing@yahoo.com,浙江省太原县东丽合肥街Q座 644352,F,2016-10-21,00009
0000000319,胡鹏,elei@hotmail.com,云南省福州市清河马鞍山路h座 367574,F,2016-10-17,00008
0000000320,刘柳,na51@yahoo.com,西藏自治区琳县南湖拉萨街g座 945895,F,2013-08-03,00008
0000000321,田博,lianggang@yahoo.com,云南省广州市孝南米路X座 972880,M,2014-01-22,00005
0000000322,刘波,xiongxia@gmail.com,上海市梅市友好王街d座 202151,M,2014-05-24,00008
0000000323,洪杰,qcheng@gmail.com,云南省磊市吉区张路P座 188357,M,2014-06-15,00009
0000000324,鞠凯,guiying29@yahoo.com,河北省洋县白云李街Y座 511437,F,2020-04-29,00008
0000000325,顾建国,ming77@gmail.com,重庆市海口市魏都永安街s座 576323,F,2018-09-18,00009
0000000326,许林,hanjie@gmail.com,新疆维吾尔自治区贵阳县丰都孙路T座 380145,F,2019-07-09,00007
0000000327,张红梅,wuxia@hotmail.com,四川省南宁县璧山贾街a座 238572,M,2012-06-20,00002
0000000328,孙阳,jieguo@gmail.com,云南省芳市新城李路u座 126165,F,2019-09-21,00001
0000000329,王红霞,zoujie@gmail.com,宁夏回族自治区秀荣县新城田街v座 901732,M,2019-01-11,00001
0000000330,林静,yong45@yahoo.com,内蒙古自治区超市锡山区路E座 147127,F,2014-09-14,00007
0000000331,邵冬梅,hjiang@gmail.com,浙江省天津市东城孙街Y座 874086,F,2018-04-14,00010
0000000332,杨杨,fangcui@gmail.com,上海市倩县清浦钱街I座 920079,M,2017-09-15,00002
0000000333,陈晶,alei@yahoo.com,吉林省秀荣县六枝特刘街J座 551509,F,2013-02-04,00004
0000000334,何浩,yanghou@gmail.com,广西壮族自治区长春县海陵银川街I座 668729,F,2014-09-06,00008
0000000335,亓雪,jie74@gmail.com,青海省波县江北昆明街O座 839509,F,2015-11-25,00000
0000000336,胡军,sliang@hotmail.com,澳门特别行政区宜都县沙湾石家庄街q座 818540,F,2017-12-02,00008
0000000337,高亮,qcai@hotmail.com,山东省沈阳市牧野长沙路H座 208492,M,2012-06-16,00010
0000000338,杨红梅,lyin@yahoo.com,云南省娟县闵行宜都路N座 492341,M,2015-05-05,00000
0000000339,杨涛,panguiying@hotmail.com,广西壮族自治区梧州县锡山黄路G座 596077,M,2013-01-27,00006
0000000340,阮龙,jiegu@gmail.com,上海市秀兰县清浦佛山路r座 544416,M,2013-09-07,00003
0000000341,萧小红,zengtao@hotmail.com,江苏省南宁市长寿韩路L座 101633,F,2015-03-15,00006
0000000342,李秀芳,liwu@gmail.com,辽宁省阜新市清城北京街Z座 211506,F,2016-10-30,00010
0000000343,邓云,fangjuan@hotmail.com,陕西省昆明市徐汇宁德街h座 268416,F,2011-10-15,00006
0000000344,赵亮,acai@yahoo.com,黑龙江省刚县永川邓街b座 192790,M,2014-06-10,00003
0000000345,刘建平,yinmin@yahoo.com,澳门特别行政区太原市西峰昆明路f座 785839,M,2012-05-08,00008
0000000346,张玉,ming31@hotmail.com,澳门特别行政区嘉禾县山亭蒋路N座 736523,M,2019-03-26,00001
0000000347,晏玉华,mingfang@hotmail.com,浙江省志强县东丽潜江路Q座 281153,M,2018-02-24,00007
0000000348,邓斌,guiying89@yahoo.com,贵州省贵阳市永川谢路V座 879413,F,2018-10-22,00009
0000000349,陈婷婷,xiangqiang@yahoo.com,广东省桂芳县龙潭范路L座 557555,F,2019-07-19,00005
0000000350,薛琳,jinjun@hotmail.com,广东省峰县东城辽阳街X座 485909,F,2013-11-18,00010
0000000351,许欢,tao29@gmail.com,河北省洋市海港屠路z座 605806,F,2017-04-01,00002
0000000352,萧健,guiyinglong@hotmail.com,北京市贵阳县双滦张家港街N座 978907,F,2017-09-25,00010
0000000353,樊玉英,minhe@hotmail.com,四川省秀梅市清浦朱街E座 894426,F,2018-12-28,00009
0000000354,姜浩,lili@yahoo.com,江苏省瑜县翔安长春路y座 647366,F,2015-05-02,00000
0000000355,王宁,wei44@hotmail.com,北京市波市大东高路P座 404854,F,2019-02-17,00004
0000000356,王金凤,gongming@gmail.com,江苏省潜江市蓟州李路e座 488168,M,2020-01-17,00008
0000000357,李凤英,shenmin@yahoo.com,河南省澳门县合川南宁街a座 313618,M,2019-06-09,00000
0000000358,曹璐,zengming@gmail.com,天津市彬县浔阳莫街n座 231210,F,2012-03-10,00008
0000000359,常飞,fanghan@gmail.com,澳门特别行政区玉英市南湖淮安街y座 976006,M,2016-10-03,00001
0000000360,赵宁,jinfang@yahoo.com,山西省晨县徐汇合肥路j座 140120,F,2013-02-28,00008
0000000361,梁兰英,oqiu@hotmail.com,重庆市红梅县西峰梁街N座 616593,M,2012-05-24,00003
0000000362,张建军,li03@gmail.com,宁夏回族自治区马鞍山市西夏天津街Z座 635686,F,2018-04-04,00003
0000000363,何凤英,izhou@yahoo.com,内蒙古自治区桂英市房山方街x座 841093,F,2013-08-04,00006
0000000364,卫鑫,kangjie@gmail.com,陕西省峰市孝南柳州街q座 817618,M,2012-01-13,00004
0000000365,吴艳,jintao@gmail.com,云南省齐齐哈尔市东丽武汉路h座 609371,F,2014-03-11,00001
0000000366,张志强,yangcao@gmail.com,河南省香港市华龙东莞路w座 984915,F,2019-07-25,00004
0000000367,李瑞,bguo@yahoo.com,青海省兵市平山刘街a座 508100,F,2016-10-19,00008
0000000368,陈军,exia@hotmail.com,安徽省建平市门头沟陈街i座 183558,F,2014-01-17,00000
0000000369,边斌,zhongping@hotmail.com,吉林省香港县平山梧州路e座 893044,F,2019-09-07,00001
0000000370,孔畅,pxiong@yahoo.com,湖南省利县锡山周街a座 665153,F,2016-01-04,00001
0000000371,梁琳,edai@yahoo.com,福建省辛集市东城淮安街k座 328857,F,2018-10-19,00005
0000000372,李淑英,wfeng@gmail.com,江西省武汉市江北赵路r座 525950,F,2017-08-24,00009
0000000373,刘明,yaoyong@yahoo.com,陕西省银川市双滦佛山街D座 426665,F,2020-05-22,00007
0000000374,汪桂荣,mduan@gmail.com,吉林省张家港县金平张街f座 618123,M,2017-03-01,00010
0000000375,吴秀云,fcai@yahoo.com,黑龙江省玉珍县永川马街P座 158696,M,2017-12-08,00009
0000000376,王红,minchen@yahoo.com,重庆市辛集市城东段街T座 680485,M,2015-10-26,00002
0000000377,王莉,lyao@hotmail.com,宁夏回族自治区梧州市普陀武汉路r座 159298,M,2014-09-10,00010
0000000378,杜华,xiuyingliao@yahoo.com,陕西省张家港市普陀何路P座 957046,M,2018-12-27,00004
0000000379,张英,vfeng@yahoo.com,河北省淑珍市丰都徐街f座 494554,F,2017-09-13,00007
0000000380,周桂芳,xiulancheng@hotmail.com,广东省太原市西峰耿街w座 267300,F,2019-10-21,00002
0000000381,朱梅,fanggu@gmail.com,广西壮族自治区北京市花溪王街R座 139532,M,2019-10-16,00004
0000000382,姚杨,caoxiuying@hotmail.com,北京市秀华市蓟州惠州街q座 836878,M,2018-11-19,00008
0000000383,任春梅,qinming@yahoo.com,台湾省福州县山亭冯街D座 945131,F,2013-07-20,00007
0000000384,张晶,jing21@yahoo.com,湖南省拉萨市涪城六安路y座 755887,M,2016-02-09,00006
0000000385,王桂花,lei65@hotmail.com,河南省郑州市门头沟叶路Q座 273653,F,2012-09-18,00004
0000000386,刘兵,yxie@yahoo.com,江苏省永安县清浦桑街u座 789389,F,2019-02-24,00006
0000000387,鲁春梅,na54@hotmail.com,江苏省乌鲁木齐县大东南宁路a座 368174,M,2015-02-16,00009
0000000388,王萍,xiuying79@gmail.com,海南省小红市徐汇和路Z座 164115,F,2017-04-30,00000
0000000389,徐春梅,ping54@yahoo.com,广西壮族自治区秀珍县璧山张路k座 209550,M,2016-11-19,00000
0000000390,许博,fangpeng@gmail.com,陕西省明市璧山哈尔滨街t座 177171,M,2012-06-22,00006
0000000391,李岩,yang62@hotmail.com,山东省晨县静安李街a座 339021,M,2017-10-16,00004
0000000392,吴岩,xxia@yahoo.com,香港特别行政区永安市怀柔上海路M座 329553,F,2016-03-05,00010
0000000393,周荣,lijing@hotmail.com,安徽省香港市清城陈街X座 792641,M,2020-07-17,00004
0000000394,李凤兰,xiulantang@gmail.com,宁夏回族自治区金凤县大东南昌街N座 485010,F,2017-01-16,00003
0000000395,牟云,yang95@hotmail.com,河南省宁市城北银川街l座 962794,M,2017-06-06,00006
0000000396,潘婷,cyang@gmail.com,海南省潮州市高港薛街Q座 160602,M,2014-03-25,00006
0000000397,朱桂香,jingduan@yahoo.com,陕西省武汉县金平长沙路E座 891230,M,2015-04-14,00010
0000000398,马玉,uren@yahoo.com,安徽省重庆市大东北镇街n座 941792,M,2014-10-01,00009
0000000399,邱静,xiulanxiong@yahoo.com,湖南省林市长寿杨街N座 927490,F,2017-07-27,00008
0000000400,祁博,uchang@gmail.com,陕西省岩县平山罗街h座 986712,F,2020-06-16,00003
0000000401,黄秀芳,sujuan@yahoo.com,香港特别行政区英市闵行罗路y座 952683,F,2017-06-01,00005
0000000402,曲洋,wanna@gmail.com,海南省玉兰县璧山崔路m座 594740,F,2015-07-26,00004
0000000403,赵成,fli@yahoo.com,辽宁省兰州市安次胡街Q座 482172,F,2018-08-08,00006
0000000404,郭兰英,hanxia@gmail.com,甘肃省莉市朝阳拉萨街x座 201573,M,2019-04-03,00007
0000000405,邓桂英,yangpeng@hotmail.com,安徽省长春县南湖张街M座 363868,M,2011-10-17,00006
0000000406,彭桂兰,dongjing@gmail.com,福建省淮安市璧山潮州街M座 277602,M,2020-04-23,00000
0000000407,罗宇,huming@gmail.com,香港特别行政区济南县合川方街O座 758685,F,2011-08-10,00007
0000000408,张淑华,fang61@hotmail.com,台湾省哈尔滨县永川哈尔滨街z座 134120,F,2018-05-07,00010
0000000409,吴佳,taojuan@yahoo.com,吉林省帅县怀柔邓街O座 190660,F,2014-11-21,00007
0000000410,李桂兰,jiehan@yahoo.com,重庆市桂芳市海陵北京路L座 575986,F,2020-05-11,00005
0000000411,杨丽娟,jun63@yahoo.com,台湾省洁市南湖方路g座 638932,M,2012-10-22,00000
0000000412,赵洋,vhe@gmail.com,山西省桂花市南长胡街q座 395129,M,2011-08-01,00010
0000000413,伊倩,jie72@yahoo.com,湖南省通辽县牧野江街U座 105162,F,2019-06-29,00009
0000000414,马丹丹,yang13@yahoo.com,广西壮族自治区通辽县牧野福州路t座 507922,F,2012-05-28,00007
0000000415,卢建,huanggang@yahoo.com,江西省莉市友好巫路G座 360448,M,2020-01-11,00005
0000000416,黄畅,junsong@hotmail.com,宁夏回族自治区峰县高明王街b座 933548,F,2013-01-09,00005
0000000417,陈小红,xiulanhan@gmail.com,山西省文市涪城栾街x座 819284,M,2017-04-04,00006
0000000418,陆琳,gangwan@hotmail.com,台湾省长沙县城北季路L座 501813,M,2019-03-08,00009
0000000419,韦峰,guiying47@hotmail.com,上海市昆明县永川柳州街l座 380004,F,2015-05-24,00009
0000000420,李玉梅,linxiuying@hotmail.com,台湾省海门市长寿卜路P座 601405,F,2012-05-08,00004
0000000421,蒋强,zkang@yahoo.com,辽宁省佛山县江北胡街J座 399885,M,2015-07-31,00004
0000000422,刘淑英,tmeng@yahoo.com,黑龙江省刚县和平太原路x座 737626,M,2019-12-13,00003
0000000423,李秀兰,juntang@hotmail.com,香港特别行政区梅县浔阳原路Q座 168963,M,2012-05-19,00000
0000000424,王凤英,yanping@gmail.com,河南省鹏市门头沟六安街L座 994803,F,2016-12-31,00009
0000000425,赵春梅,yang51@hotmail.com,香港特别行政区丽华县永川六安路X座 304685,M,2014-11-14,00008
0000000426,黄秀荣,dingjuan@yahoo.com,江西省玉华市秀英贺路M座 278816,M,2013-06-18,00001
0000000427,刘建军,pshen@hotmail.com,浙江省太原县高港长沙街c座 394589,M,2018-09-18,00003
0000000428,姜瑜,yuanguiying@yahoo.com,重庆市北镇县白云熊街I座 251015,F,2018-10-30,00009
0000000429,官春梅,chengxiulan@yahoo.com,西藏自治区玉华市华龙朱街g座 684278,F,2015-05-06,00008
0000000430,杨丽,mengna@gmail.com,内蒙古自治区军市花溪罗街Z座 915601,F,2019-03-22,00005
0000000431,胡丽华,lizhu@yahoo.com,安徽省坤市淄川惠州街F座 108446,F,2013-07-18,00010
0000000432,覃杰,juanpeng@yahoo.com,重庆市丽华县怀柔石家庄街Z座 207991,M,2015-04-28,00009
0000000433,苏萍,nhe@hotmail.com,江西省丽华市新城郑州路H座 912214,M,2013-01-23,00010
0000000434,杨倩,jing66@gmail.com,内蒙古自治区石家庄市山亭胡街d座 447591,F,2018-12-24,00010
0000000435,徐红梅,ganggao@hotmail.com,澳门特别行政区台北县璧山孙街Z座 833419,M,2018-08-06,00006
0000000436,戈萍,chaoxiong@yahoo.com,浙江省想县大东佛山街m座 888519,F,2019-01-27,00008
0000000437,郭霞,pingsu@hotmail.com,天津市凤英县孝南西宁街Z座 719458,F,2019-11-17,00009
0000000438,罗强,ping03@gmail.com,云南省武汉市花溪张街v座 672160,M,2019-01-30,00003
0000000439,文秀芳,tao16@hotmail.com,贵州省志强县高港朱路Q座 324095,F,2020-07-02,00010
0000000440,李宁,xliao@gmail.com,重庆市惠州县海陵辛集街d座 499520,F,2017-10-06,00003
0000000441,李岩,qiang28@hotmail.com,江苏省马鞍山市平山拉萨街S座 314972,F,2014-01-30,00002
0000000442,王秀华,xzheng@hotmail.com,山西省亮市静安张家港路o座 487293,F,2014-09-09,00005
0000000443,罗桂英,junhou@gmail.com,上海市桂兰市大东辛集路W座 788673,M,2018-01-09,00001
0000000444,杨玉梅,tren@yahoo.com,青海省福州县浔阳李路e座 245626,F,2016-08-30,00003
0000000445,董淑华,juan54@yahoo.com,西藏自治区济南县沈北新戴街z座 546808,M,2017-11-21,00003
0000000446,唐淑珍,tanjing@gmail.com,西藏自治区深圳县金平嘉禾路T座 744088,F,2020-01-12,00003
0000000447,熊倩,xialei@hotmail.com,山西省慧市沙市李街F座 927219,F,2016-03-26,00000
0000000448,吕玉梅,houmin@hotmail.com,山东省强市龙潭佛山街E座 644373,M,2013-11-25,00003
0000000449,唐淑英,alu@hotmail.com,湖北省桂芝市蓟州东莞路F座 349857,F,2017-05-24,00009
0000000450,张雷,gongfang@gmail.com,内蒙古自治区凤兰市山亭长沙路x座 415517,M,2013-08-06,00004
0000000451,李文,ntao@yahoo.com,内蒙古自治区南京县江北关岭街F座 653556,M,2015-11-20,00007
0000000452,申岩,wei11@gmail.com,河南省梧州市清城徐街B座 645088,F,2020-03-08,00008
0000000453,刘鑫,taoping@yahoo.com,河北省杨市南长李路a座 879013,M,2017-07-09,00006
0000000454,杨鑫,duanmin@hotmail.com,山西省英市合川林街x座 197431,F,2019-10-26,00004
0000000455,张玉珍,yanbai@hotmail.com,辽宁省西宁市城东王路Z座 501181,M,2013-04-02,00010
0000000456,王丽华,gxiao@yahoo.com,山西省南京县上街海门路c座 425610,F,2016-12-01,00008
0000000457,刘娟,xiasu@hotmail.com,湖南省嘉禾县朝阳郭街Z座 806621,F,2020-06-11,00000
0000000458,郭丽,dongqiang@hotmail.com,广西壮族自治区娟市萧山杭州路X座 851032,M,2014-01-29,00008
0000000459,张宇,mingtang@yahoo.com,澳门特别行政区婷县房山阜新路V座 515705,M,2011-12-14,00007
0000000460,蔡超,lzhou@gmail.com,黑龙江省澳门市徐汇杨路k座 325504,M,2020-02-14,00007
0000000461,边梅,xiulanyin@hotmail.com,湖南省合山市高明宁德路M座 803424,F,2020-06-30,00003
0000000462,刘冬梅,ming64@yahoo.com,海南省荣市清河太原街G座 947448,F,2019-03-27,00001
0000000463,张帅,taoyao@gmail.com,浙江省宜都市萧山赵路E座 198598,F,2020-04-30,00010
0000000464,王帆,guiying61@yahoo.com,内蒙古自治区辉县闵行长沙路G座 984546,F,2015-09-29,00003
0000000465,李丽娟,xiuyingkong@hotmail.com,浙江省荆门市华龙张街q座 767450,F,2016-02-07,00009
0000000466,刘阳,juanding@yahoo.com,青海省鑫市和平王路j座 891959,F,2020-05-28,00003
0000000467,王伟,changtao@yahoo.com,宁夏回族自治区海门县六枝特李路m座 858666,F,2015-04-15,00005
0000000468,黄秀梅,fang29@gmail.com,澳门特别行政区玉县平山合肥路r座 797294,F,2017-10-03,00010
0000000469,陆桂珍,xiuying19@hotmail.com,河北省雷市清城巢湖街Y座 462609,M,2017-10-07,00009
0000000470,刘桂花,kzou@yahoo.com,香港特别行政区玉县大东成都路C座 482115,M,2014-07-04,00008
0000000471,林利,min24@gmail.com,浙江省长沙市沙市孙街L座 215943,M,2014-05-15,00005
0000000472,唐玉华,taoliao@hotmail.com,重庆市琴市蓟州张街Y座 806646,F,2016-05-03,00004
0000000473,孙波,kdai@yahoo.com,江西省汕尾县和平张街Z座 140200,M,2018-09-17,00002
0000000474,阎玲,penglei@hotmail.com,江西省健县淄川郑州路Z座 297288,M,2018-11-13,00003
0000000475,叶建国,jiayan@gmail.com,北京市北镇县秀英方路c座 582221,M,2017-02-21,00006
0000000476,赵亮,dli@hotmail.com,台湾省梧州县大兴成都街L座 752058,F,2018-08-29,00009
0000000477,乔帆,taolin@gmail.com,江苏省刚市锡山关岭路c座 545739,F,2017-02-01,00008
0000000478,孟玉珍,gangtang@yahoo.com,新疆维吾尔自治区婷婷市城北太原街T座 971733,M,2018-12-17,00004
0000000479,王红,yang18@yahoo.com,河南省阳县萧山田街y座 239596,F,2012-03-06,00006
0000000480,李帅,guiyingye@gmail.com,澳门特别行政区彬市秀英香港街R座 451961,F,2011-09-21,00004
0000000481,聂成,ming79@yahoo.com,河北省雪市南长周路E座 463646,M,2020-02-13,00009
0000000482,董健,bhe@hotmail.com,重庆市琳县和平邓街x座 111640,F,2015-12-07,00003
0000000483,范鑫,yangwen@yahoo.com,新疆维吾尔自治区太原县和平周街t座 908080,F,2014-06-08,00002
0000000484,程林,bma@gmail.com,内蒙古自治区畅市大东孙路K座 149317,M,2012-04-15,00000
0000000485,古辉,sunxia@gmail.com,浙江省南昌市房山邯郸街i座 997183,F,2014-03-22,00005
0000000486,张飞,xiuyinglin@gmail.com,河北省关岭市东城阜新路W座 815346,M,2015-08-13,00009
0000000487,侯磊,guiying46@yahoo.com,江西省晨市南溪澳门路E座 776629,M,2018-12-13,00005
0000000488,康冬梅,guoqiang@hotmail.com,湖南省桂芳县高明东莞路X座 457840,M,2015-03-06,00006
0000000489,萧勇,xiulan88@yahoo.com,宁夏回族自治区丹丹县孝南马鞍山街A座 985308,F,2014-06-10,00010
0000000490,苗晨,pingding@hotmail.com,北京市淑兰县吉区焦路s座 499673,F,2016-05-24,00006
0000000491,孙阳,haoqiang@hotmail.com,天津市红县永川杨路E座 812148,M,2016-09-30,00003
0000000492,盛成,qiangdeng@hotmail.com,西藏自治区宁德县金平靳路d座 283503,M,2012-06-14,00003
0000000493,陈玉华,hqiu@yahoo.com,西藏自治区小红县大东深圳路V座 261937,M,2014-02-19,00003
0000000494,林瑞,lihao@gmail.com,陕西省拉萨县淄川永安街h座 901825,M,2014-06-07,00005
0000000495,曾建国,fujun@yahoo.com,四川省武汉市平山汪路S座 613165,F,2014-10-24,00004
0000000496,尹凤英,lcai@gmail.com,北京市郑州县黄浦太原路T座 117282,M,2020-06-09,00000
0000000497,熊秀荣,na73@yahoo.com,湖南省呼和浩特市孝南武汉路g座 633745,F,2016-05-02,00010
0000000498,石帅,li46@hotmail.com,福建省磊县安次李路D座 457044,M,2019-10-19,00004
0000000499,许鑫,ysu@gmail.com,新疆维吾尔自治区秀兰市友好兴城街N座 982286,M,2019-01-28,00003
0000000500,张桂兰,min44@yahoo.com,黑龙江省太原县西峰北镇街u座 124745,M,2012-02-21,00010
0000000501,张欢,taomeng@yahoo.com,吉林省北镇县静安王街j座 977038,M,2015-05-11,00002
0000000502,贾磊,dengmin@gmail.com,江苏省飞县黄浦乌鲁木齐街e座 510893,M,2018-11-15,00005
0000000503,周涛,xia78@hotmail.com,云南省潜江县魏都西宁街H座 629666,M,2017-10-11,00007
0000000504,王林,shaoxiulan@gmail.com,云南省雷市新城石家庄路t座 985498,F,2013-10-15,00002
0000000505,叶荣,haomin@gmail.com,吉林省邯郸县白云张路c座 210494,M,2012-10-08,00006
0000000506,张瑜,clei@hotmail.com,四川省洋市沙市邯郸路q座 386189,F,2011-10-08,00004
0000000507,李玉英,renna@hotmail.com,浙江省丽娟市兴山杜路I座 839799,F,2020-07-01,00006
0000000508,侯文,xia81@hotmail.com,河北省六盘水市大兴梧州街h座 223449,M,2013-01-28,00009
0000000509,王燕,yanglai@yahoo.com,贵州省哈尔滨市黄浦南昌路f座 672089,F,2019-05-12,00007
0000000510,王春梅,kangyong@gmail.com,贵州省海口县南湖西安街u座 122315,M,2013-07-30,00003
0000000511,谭勇,nagu@hotmail.com,宁夏回族自治区畅市璧山边街U座 397364,M,2014-06-17,00005
0000000512,张瑞,longxiuying@hotmail.com,北京市娟市高明上海路b座 467645,F,2011-09-15,00001
0000000513,刘金凤,haoming@yahoo.com,广东省刚市滨城赵街s座 960451,M,2017-03-13,00010
0000000514,陆兰英,ping62@yahoo.com,山西省合山县清城尚街m座 283243,F,2015-08-08,00005
0000000515,白丹,yong53@gmail.com,湖北省济南市西夏合肥路C座 772112,M,2015-05-06,00010
0000000516,李磊,jing36@hotmail.com,黑龙江省辛集市璧山陈路L座 952828,F,2016-12-12,00010
0000000517,周璐,dongxia@hotmail.com,台湾省建军县沈北新张街b座 973938,F,2012-08-11,00007
0000000518,王春梅,xiuyingzhang@gmail.com,上海市琴市海陵姜街G座 315804,M,2014-02-17,00010
0000000519,杨桂兰,yan22@hotmail.com,广西壮族自治区通辽市清浦田街F座 753362,M,2013-07-03,00002
0000000520,曾桂荣,wangyang@gmail.com,浙江省英市和平邱街n座 799812,M,2014-11-19,00001
0000000521,厉斌,pli@yahoo.com,广东省南京县秀英黄路S座 317959,M,2015-10-01,00004
0000000522,戚帅,mingyu@yahoo.com,重庆市南京市南长福州路D座 857107,M,2013-08-01,00004
0000000523,王英,ozou@hotmail.com,河北省红霞市门头沟王街L座 864048,M,2020-02-20,00006
0000000524,杨强,junqian@hotmail.com,广东省淑华市南湖齐齐哈尔街C座 453312,F,2014-09-24,00010
0000000525,吴兰英,xiulan15@yahoo.com,四川省北镇市南湖王街E座 629432,M,2011-09-30,00004
0000000526,陈建华,xiuyingshen@gmail.com,天津市云县清城大冶街q座 103920,F,2012-08-12,00005
0000000527,王秀珍,pengfang@yahoo.com,辽宁省南京市东城六安路Y座 969223,M,2012-04-06,00000
0000000528,杨倩,qiangfang@hotmail.com,内蒙古自治区欣县翔安荆门路d座 778862,F,2017-03-02,00006
0000000529,丁秀华,nading@gmail.com,河北省建军县萧山张家港路M座 182092,M,2016-06-04,00006
0000000530,胡利,xiuyinglai@gmail.com,青海省宇市浔阳郭街l座 446222,M,2017-08-29,00010
0000000531,范瑞,elin@gmail.com,西藏自治区台北县房山辛集街A座 756562,F,2017-05-22,00000
0000000532,王岩,houfang@yahoo.com,香港特别行政区秀英市朝阳阜新街K座 192698,M,2019-09-15,00003
0000000533,黄玉兰,yejie@hotmail.com,河北省秀珍市高港阜新街R座 673793,F,2019-09-04,00000
0000000534,王旭,xiulanjia@hotmail.com,河北省澳门县西夏兰州路F座 792732,F,2016-10-12,00006
0000000535,林倩,lhu@gmail.com,湖南省哈尔滨市龙潭西安路S座 872515,F,2014-05-01,00009
0000000536,顾斌,rma@gmail.com,广西壮族自治区琳市沈河西宁路u座 833222,F,2018-02-03,00004
0000000537,王玉兰,zhaoxia@gmail.com,青海省银川市海港赵街S座 817953,F,2013-04-28,00009
0000000538,覃秀英,hlin@hotmail.com,浙江省海口市兴山郑州街L座 454313,F,2019-08-21,00009
0000000539,武英,jdu@hotmail.com,江西省永安县清河李路O座 774423,F,2018-10-05,00010
0000000540,邱红梅,yang03@gmail.com,陕西省英县海港佛山路K座 929289,M,2012-12-02,00005
0000000541,麻海燕,ptang@yahoo.com,吉林省娜市秀英汕尾街k座 673168,F,2016-09-13,00007
0000000542,张明,qianghan@hotmail.com,云南省辽阳市南湖汕尾街g座 739018,M,2014-05-01,00007
0000000543,刘桂荣,haoxiulan@yahoo.com,四川省贵阳县和平杭州路k座 133006,F,2018-05-27,00009
0000000544,王瑜,taoguo@gmail.com,江西省海口市萧山任街R座 861564,M,2020-06-25,00002
0000000545,程龙,wei22@yahoo.com,宁夏回族自治区小红市东城方路N座 421193,F,2011-08-14,00001
0000000546,华燕,xiafang@hotmail.com,广西壮族自治区沈阳市城东澳门路V座 768244,M,2016-09-21,00003
0000000547,邢东,blin@yahoo.com,广西壮族自治区玉珍县长寿陈街o座 631782,F,2013-11-13,00007
0000000548,李萍,jun70@hotmail.com,台湾省凯县和平台北街l座 761246,F,2011-10-07,00003
0000000549,陈伟,nhou@yahoo.com,云南省秀荣市淄川呼和浩特街X座 423870,F,2011-09-13,00010
0000000550,陈欢,jing29@hotmail.com,香港特别行政区兴安盟县双滦胡路I座 637549,M,2013-10-07,00001
0000000551,陈伟,jun20@yahoo.com,山东省济南市璧山六盘水街g座 869369,M,2017-01-19,00003
0000000552,曹宁,pingqiu@hotmail.com,河南省北京县崇文黄路w座 784421,F,2019-08-07,00004
0000000553,王燕,jingpan@hotmail.com,澳门特别行政区艳县安次沈阳街I座 100724,F,2014-03-15,00000
0000000554,梁秀芳,minfang@hotmail.com,黑龙江省帅市沈河沈阳街r座 784724,M,2016-10-31,00009
0000000555,张旭,lei69@hotmail.com,广东省嘉禾县滨城汪路r座 631960,M,2019-07-16,00009
0000000556,孙冬梅,zhanglei@hotmail.com,青海省霞县蓟州呼和浩特街Z座 252911,M,2018-02-09,00007
0000000557,柏霞,mingcai@gmail.com,广东省巢湖县东丽马街h座 907962,M,2016-05-04,00000
0000000558,黄刚,xiena@gmail.com,香港特别行政区柳市锡山梧州路a座 610343,F,2012-05-01,00005
0000000559,夏畅,guiyingxia@gmail.com,湖南省健市徐汇哈尔滨街H座 407769,M,2017-01-24,00010
0000000560,郭金凤,jieyu@yahoo.com,广东省鑫县合川张街p座 576952,M,2019-06-21,00009
0000000561,杨涛,uye@gmail.com,贵州省玉市锡山杨街c座 149850,M,2014-07-08,00007
0000000562,李海燕,fanyong@hotmail.com,内蒙古自治区宁德市高明姜路i座 376993,F,2012-05-21,00003
0000000563,戴凯,xiulanzhong@hotmail.com,山西省磊县城东海口街h座 954636,F,2017-08-21,00000
0000000564,杨雷,wei01@gmail.com,海南省海燕市普陀唐街g座 413819,F,2014-07-26,00006
0000000565,徐龙,chaocheng@yahoo.com,宁夏回族自治区巢湖县金平沈阳路h座 275471,F,2015-11-09,00004
0000000566,汪建平,yong58@yahoo.com,贵州省潮州县梁平长沙街o座 779767,M,2018-04-20,00005
0000000567,郑利,fguo@gmail.com,河北省建平县孝南南宁路w座 274943,M,2019-07-17,00005
0000000568,李杰,xiongli@gmail.com,台湾省石家庄市秀英海口路P座 896299,F,2017-05-22,00008
0000000569,倪秀英,jun27@yahoo.com,台湾省六安市蓟州齐齐哈尔街R座 751058,M,2012-04-14,00008
0000000570,季超,jinmin@gmail.com,辽宁省平县长寿太原路z座 637237,M,2013-10-20,00005
0000000571,萧琳,weijia@yahoo.com,陕西省杨市翔安梧州路l座 180764,M,2014-07-20,00001
0000000572,唐秀华,tao78@yahoo.com,上海市梧州县沙湾巢湖街l座 416269,F,2020-05-29,00001
0000000573,黄倩,xiewei@hotmail.com,浙江省丹丹县浔阳台北街d座 448189,M,2018-04-19,00008
0000000574,王楠,yanduan@gmail.com,贵州省辛集市普陀颜路J座 799701,M,2013-05-23,00005
0000000575,祝岩,xiulan02@yahoo.com,甘肃省东莞县平山汕尾路I座 861570,F,2018-10-04,00001
0000000576,李荣,tliang@hotmail.com,宁夏回族自治区永安市城东郭街h座 189666,M,2014-08-01,00007
0000000577,余帆,tcui@yahoo.com,浙江省太原市朝阳徐路L座 684218,F,2012-05-12,00008
0000000578,陈丽,huangli@hotmail.com,广西壮族自治区沈阳市山亭李路s座 284819,M,2019-03-26,00001
0000000579,陈云,nsun@gmail.com,贵州省西安县永川张街g座 991456,M,2015-04-10,00000
0000000580,白璐,kxu@gmail.com,浙江省柳州县花溪石家庄路n座 255144,F,2017-10-23,00004
0000000581,谷璐,fqin@hotmail.com,河北省西宁县怀柔邓街b座 656304,M,2018-10-15,00009
0000000582,刘雪,wangxia@hotmail.com,台湾省南昌县新城吴街e座 183923,M,2015-05-04,00009
0000000583,李强,yeping@gmail.com,海南省佛山县海陵邓街A座 601422,M,2018-02-23,00005
0000000584,王秀荣,jiaxiuying@hotmail.com,四川省萍市金平北镇路F座 639171,F,2017-07-29,00001
0000000585,张英,yong96@gmail.com,黑龙江省超市双滦马路g座 902954,F,2018-06-17,00008
0000000586,孙玉,guiyingtan@yahoo.com,湖南省瑜市南溪哈尔滨街U座 947885,F,2019-05-17,00007
0000000587,王丽,mingye@hotmail.com,上海市小红县西夏重庆街S座 693896,F,2014-01-07,00001
0000000588,凌俊,xiayan@yahoo.com,河北省建国市梁平昆明街Z座 213695,M,2018-08-17,00010
0000000589,王建军,oma@yahoo.com,北京市深圳市丰都南宁街h座 520994,M,2011-11-28,00000
0000000590,胡志强,liangjing@yahoo.com,四川省淮安市静安邓路q座 105274,F,2012-10-21,00002
0000000591,伍雪,gang63@yahoo.com,新疆维吾尔自治区梧州市淄川张街n座 828102,M,2020-03-19,00004
0000000592,杜楠,yangliao@gmail.com,内蒙古自治区哈尔滨县新城陈街e座 603270,M,2012-09-25,00010
0000000593,梁英,yangkang@yahoo.com,上海市天津市高港香港街R座 558941,M,2019-11-20,00002
0000000594,吴洁,ghuang@gmail.com,内蒙古自治区桂芝市涪城李街E座 201421,M,2013-07-03,00000
0000000595,周东,min66@hotmail.com,宁夏回族自治区桂芝县蓟州梁街h座 531196,F,2012-12-06,00002
0000000596,李洁,ming35@hotmail.com,山东省成市南长荆门路i座 198727,F,2015-04-19,00009
0000000597,涂建,ming74@gmail.com,广西壮族自治区佳县沙湾姜路a座 674977,M,2013-03-09,00003
0000000598,卢晶,qiangzou@hotmail.com,福建省秀英县山亭薛路n座 759634,F,2015-08-28,00010
0000000599,刘兰英,fangqian@gmail.com,重庆市淑兰市和平济南路n座 414744,M,2019-04-17,00001
0000000600,周秀芳,fangxiang@gmail.com,山东省西安市浔阳武汉路N座 693919,M,2018-11-11,00001
0000000601,井利,gang05@gmail.com,湖南省潜江县南长马街p座 231650,M,2016-12-26,00008
0000000602,杨旭,chaowei@hotmail.com,湖南省海燕市清河李路C座 732938,M,2015-07-20,00008
0000000603,邓玉华,yongtao@gmail.com,吉林省太原市朝阳王街N座 896608,F,2019-11-05,00006
0000000604,徐飞,dutao@yahoo.com,山西省合山市大兴哈尔滨街v座 808459,M,2012-05-10,00000
0000000605,刘玉珍,juangu@hotmail.com,江西省汕尾县花溪阜新路I座 942398,F,2015-04-01,00000
0000000606,包秀珍,liaoguiying@yahoo.com,湖北省沈阳县长寿辛集路q座 885779,F,2014-11-19,00008
0000000607,石雪,min37@gmail.com,安徽省兰州县锡山宁德街x座 302132,F,2014-12-22,00006
0000000608,张婷婷,lei78@yahoo.com,河南省香港市东丽万路f座 797495,M,2020-05-02,00003
0000000609,庞丽华,junshen@gmail.com,河南省玉珍县梁平刘路l座 541478,F,2015-05-09,00003
0000000610,林龙,chao15@hotmail.com,海南省平县平山陈路X座 494664,F,2015-10-11,00005
0000000611,王柳,xufang@hotmail.com,青海省红县蓟州武汉街U座 845793,M,2018-02-13,00003
0000000612,赵鑫,yemin@gmail.com,澳门特别行政区辛集市龙潭李路j座 356570,M,2016-12-24,00005
0000000613,杨红霞,moping@hotmail.com,内蒙古自治区欢市普陀太原街Y座 158518,M,2011-10-02,00001
0000000614,刘岩,gangliang@hotmail.com,澳门特别行政区凤兰市沈北新邯郸街V座 248772,F,2018-10-18,00003
0000000615,黄杨,yanggang@yahoo.com,甘肃省乌鲁木齐市沙市兰州路T座 746470,F,2014-07-18,00009
0000000616,高平,yongliao@yahoo.com,福建省冬梅市梁平东莞街o座 177692,F,2016-11-28,00009
0000000617,朱宁,jing88@hotmail.com,吉林省南京县合川傅街A座 901638,M,2011-12-24,00009
0000000618,熊杨,chaoma@gmail.com,北京市磊县怀柔兴安盟街g座 876846,F,2014-01-09,00009
0000000619,黄冬梅,jingqiu@yahoo.com,山东省潮州市清河陈街x座 243129,F,2014-02-09,00009
0000000620,李峰,xia02@hotmail.com,山东省六盘水市安次六安路S座 462784,M,2012-02-07,00009
0000000621,张华,minhou@hotmail.com,湖南省澳门市大东吕街O座 994647,F,2020-05-16,00007
0000000622,杨旭,qiangfu@hotmail.com,安徽省桂香县高坪李路I座 171560,M,2012-09-07,00002
0000000623,刘静,li97@gmail.com,贵州省惠州县城北黄街O座 613153,F,2019-11-10,00004
0000000624,张秀珍,songming@gmail.com,浙江省武汉县永川李街V座 613729,F,2017-10-09,00003
0000000625,刘龙,minliu@yahoo.com,内蒙古自治区玉英市徐汇太原路Q座 761448,F,2017-01-28,00007
0000000626,刘文,weigang@hotmail.com,澳门特别行政区合山市孝南董路G座 755484,F,2019-02-20,00003
0000000627,程敏,yongsun@gmail.com,黑龙江省桂兰市金平彭街o座 613126,F,2016-02-04,00009
0000000628,李宇,lei91@yahoo.com,广东省波县房山银川街O座 742625,M,2016-07-25,00006
0000000629,黄刚,ktang@gmail.com,西藏自治区辉县高港北镇路u座 314584,F,2012-08-21,00010
0000000630,萧瑜,daiyong@hotmail.com,广西壮族自治区西安市金平惠州街e座 614653,M,2013-04-14,00006
0000000631,黄玲,hutao@hotmail.com,上海市关岭县合川郑州路L座 788427,F,2012-07-16,00004
0000000632,李欣,litian@yahoo.com,辽宁省西安市秀英荆门街S座 959049,F,2014-01-18,00005
0000000633,钟志强,xjin@yahoo.com,四川省太原市安次佛山街W座 728822,F,2012-05-17,00001
0000000634,马强,jingjia@hotmail.com,西藏自治区秀兰市白云石家庄路g座 777111,F,2018-08-06,00007
0000000635,郑健,yongcao@hotmail.com,广东省邯郸县安次刘路v座 713768,M,2017-07-02,00001
0000000636,刘晶,yan75@hotmail.com,山西省沈阳市长寿六安路W座 578714,F,2011-12-28,00003
0000000637,王刚,wanlei@gmail.com,西藏自治区宁市花溪宁德路H座 733970,F,2016-05-09,00002
0000000638,赵梅,xiuyinghuang@hotmail.com,云南省桂兰市魏都郑州路e座 189585,M,2013-09-15,00003
0000000639,唐杰,utang@gmail.com,四川省建军县门头沟萧路h座 270667,F,2015-07-23,00005
0000000640,刘兵,tao23@gmail.com,甘肃省丽县静安朱街D座 315675,M,2020-01-10,00009
0000000641,黄想,licai@yahoo.com,湖北省杰市六枝特甘路V座 471225,F,2016-11-02,00003
0000000642,芦桂香,xiongjing@gmail.com,香港特别行政区洋市花溪王路f座 122802,F,2014-10-29,00001
0000000643,程博,cuiping@hotmail.com,四川省淑兰市城北温路X座 108426,F,2020-04-09,00000
0000000644,解辉,xduan@yahoo.com,辽宁省帅县和平北镇街L座 569043,F,2016-02-10,00006
0000000645,周华,qiangliao@gmail.com,福建省宁德市安次张路Y座 764041,F,2014-03-19,00002
0000000646,常玉英,haoyan@hotmail.com,湖南省慧市南溪陈路a座 942001,F,2012-07-23,00001
0000000647,张畅,guiying27@yahoo.com,香港特别行政区太原县江北胡路P座 600198,M,2017-07-21,00000
0000000648,何艳,wzhou@gmail.com,广西壮族自治区海门市海港南京街F座 729302,F,2017-05-12,00000
0000000649,葛丹丹,jielu@gmail.com,吉林省慧县蓟州张街F座 431125,F,2018-01-19,00010
0000000650,杨淑兰,sunli@hotmail.com,浙江省西安县梁平南路V座 181713,M,2018-11-27,00003
0000000651,衣峰,nachang@yahoo.com,天津市长沙县西夏台北街H座 785309,M,2015-01-22,00001
0000000652,陈洁,guiyinglin@hotmail.com,黑龙江省太原县高坪孙街H座 603312,F,2012-08-24,00007
0000000653,徐婷婷,xiahu@gmail.com,新疆维吾尔自治区哈尔滨县沙湾天津街T座 343173,M,2014-05-21,00010
0000000654,韩莉,nshi@gmail.com,上海市博市魏都罗路y座 391155,M,2014-08-15,00008
0000000655,陈云,taowan@hotmail.com,四川省昆明市浔阳潜江街n座 543364,M,2018-12-18,00003
0000000656,蒙亮,phao@gmail.com,河北省武汉县沈北新宜都街H座 697896,M,2018-02-21,00004
0000000657,王涛,yuanping@gmail.com,重庆市北京市城东刘路S座 127359,M,2018-08-28,00000
0000000658,纪雷,ckang@hotmail.com,四川省沈阳市涪城六盘水街L座 279930,F,2017-11-11,00009
0000000659,杨帅,yaoyang@hotmail.com,江西省超县南溪惠州街h座 805144,F,2011-09-28,00004
0000000660,申洋,hsun@hotmail.com,香港特别行政区超市怀柔澳门路v座 947881,F,2015-11-02,00003
0000000661,黄健,fanglong@hotmail.com,河北省梅市高明汕尾路P座 273554,M,2015-09-09,00006
0000000662,邢娟,dhu@yahoo.com,甘肃省宇市沙市南宁街v座 441594,M,2018-01-15,00007
0000000663,洪慧,qiangqian@hotmail.com,江西省呼和浩特市涪城刘路l座 275176,M,2012-03-28,00007
0000000664,程秀云,rdai@hotmail.com,台湾省红霞县翔安南宁街Y座 824043,M,2018-06-04,00007
0000000665,徐鹏,luqiang@yahoo.com,澳门特别行政区志强县崇文王路O座 120508,M,2018-10-28,00002
0000000666,张伟,shifang@gmail.com,云南省西安县沈北新萧路y座 874493,F,2019-03-20,00000
0000000667,张淑兰,jing62@hotmail.com,广东省斌市滨城唐街x座 722871,F,2017-10-18,00003
0000000668,梁鹏,xiongxiulan@gmail.com,广东省雷县璧山淮安街j座 334888,F,2016-03-18,00001
0000000669,薛宁,minkang@hotmail.com,黑龙江省龙市永川廖街l座 164973,M,2013-11-01,00000
0000000670,李瑞,uzhou@yahoo.com,河北省香港县牧野伍街u座 240671,F,2013-06-20,00000
0000000671,饶莹,scai@yahoo.com,广东省鹏县清城香港路a座 112537,M,2016-12-15,00001
0000000672,陈东,na38@yahoo.com,新疆维吾尔自治区梧州市牧野程路t座 489202,M,2018-07-12,00007
0000000673,黄娟,xmeng@hotmail.com,天津市关岭市滨城任路f座 339605,F,2019-05-03,00008
0000000674,王秀英,xiaguiying@yahoo.com,辽宁省玉县翔安北京路Q座 590490,M,2015-04-07,00004
0000000675,张秀梅,yxiang@yahoo.com,辽宁省鹏县长寿许路w座 793409,F,2019-07-17,00010
0000000676,谢芳,mingao@gmail.com,广东省惠州市萧山辛集街c座 506167,F,2015-01-14,00005
0000000677,毛秀兰,nahe@hotmail.com,广东省台北县城东叶路F座 409499,F,2017-05-27,00002
0000000678,刘杰,zhu@yahoo.com,宁夏回族自治区兴城市房山沈阳街m座 533004,M,2017-03-01,00003
0000000679,陈凯,yangyao@gmail.com,吉林省健市锡山何街N座 199711,F,2014-10-23,00007
0000000680,毛燕,zengping@hotmail.com,重庆市桂英市山亭刘路S座 843888,M,2017-09-03,00000
0000000681,杨兵,laifang@yahoo.com,澳门特别行政区婷县沙湾银川路d座 643729,F,2015-09-06,00002
0000000682,赖璐,izhou@gmail.com,青海省通辽市崇文柳州路v座 694484,F,2012-01-12,00008
0000000683,莫丽华,mochao@yahoo.com,河北省合山县大兴张街j座 453469,F,2016-05-17,00005
0000000684,李玲,klong@hotmail.com,吉林省成都县清河王路e座 360942,M,2019-07-25,00009
0000000685,张飞,yanjuan@gmail.com,宁夏回族自治区志强县龙潭孙路p座 931708,F,2015-03-30,00005
0000000686,谢明,ulei@gmail.com,江苏省平县沙湾林路H座 624420,F,2017-10-18,00004
0000000687,吴鑫,gxie@hotmail.com,澳门特别行政区兴安盟市江北温街L座 627079,M,2016-10-10,00008
0000000688,蒋婷,uding@gmail.com,福建省伟市丰都淮安街E座 992182,M,2016-08-26,00000
0000000689,杨桂花,pingjiang@yahoo.com,浙江省凤兰县华龙瞿路s座 795498,F,2014-05-08,00002
0000000690,穆欢,guna@hotmail.com,黑龙江省佳市花溪李路N座 722988,M,2015-11-05,00008
0000000691,朱桂英,fang25@yahoo.com,江西省沈阳市梁平沈阳路M座 337998,F,2017-11-22,00008
0000000692,马彬,dzhu@gmail.com,台湾省伟市南长香港路H座 696714,F,2017-08-27,00008
0000000693,丁旭,kangjun@gmail.com,山西省北镇县白云谭街Z座 927742,M,2015-11-22,00006
0000000694,邓桂芝,fang76@gmail.com,湖北省平县梁平杨路N座 565151,F,2018-11-10,00005
0000000695,高秀英,ping03@hotmail.com,广东省坤县闵行宁德街j座 559448,F,2015-07-29,00007
0000000696,王桂英,wanjing@hotmail.com,河南省东莞市徐汇石家庄路X座 526712,M,2018-05-29,00006
0000000697,李俊,suxiulan@yahoo.com,香港特别行政区汕尾市沈河杨路o座 214946,M,2014-12-06,00007
0000000698,庞柳,xqin@gmail.com,江西省澳门县沈北新东莞路j座 670387,F,2018-11-27,00002
0000000699,赵成,sxiao@yahoo.com,云南省婷县浔阳潮州街Z座 536130,F,2012-09-10,00007
0000000700,陈丹,xiuying66@yahoo.com,江西省辽阳县闵行林路Y座 266567,M,2015-08-08,00005
0000000701,何荣,yuanyan@yahoo.com,湖北省建军市海陵重庆街y座 487860,M,2012-04-25,00008
0000000702,叶帅,xiulan61@yahoo.com,广东省南京县海港杭州路o座 189304,M,2014-03-02,00007
0000000703,位丹,imao@gmail.com,广西壮族自治区长春市白云齐街Z座 703223,F,2014-09-29,00002
0000000704,魏秀兰,xujun@yahoo.com,山东省亮市高坪丁街u座 468230,F,2015-12-26,00002
0000000705,马敏,xiafang@yahoo.com,云南省东莞县友好海口路D座 215598,F,2012-04-19,00002
0000000706,陈辉,yangzhong@yahoo.com,广东省杭州市海陵南京街u座 470966,M,2014-05-18,00001
0000000707,盛畅,dengchao@hotmail.com,浙江省杭州市闵行宁德街K座 547447,F,2018-04-24,00001
0000000708,陈文,yang29@yahoo.com,台湾省海口县璧山高街I座 977084,M,2016-10-02,00010
0000000709,林桂芝,wanyong@yahoo.com,吉林省志强县大兴潮州街n座 165882,F,2020-04-16,00005
0000000710,陶桂英,pinghao@gmail.com,甘肃省桂珍县沙市谢街g座 717176,F,2018-05-04,00001
0000000711,任桂芳,xiuying88@gmail.com,贵州省南宁市东丽林街e座 997334,F,2012-05-21,00004
0000000712,卢军,gangdong@gmail.com,山西省岩县海陵宋街B座 821079,M,2015-11-19,00009
0000000713,吴淑英,ping70@gmail.com,台湾省磊市大东田街F座 591113,M,2013-01-24,00000
0000000714,蔡桂珍,guqiang@hotmail.com,河南省张家港市双滦闵路V座 909974,M,2013-06-22,00007
0000000715,朱畅,li59@gmail.com,贵州省欣市沈北新海口街h座 968807,M,2019-07-07,00007
0000000716,刘勇,jun96@yahoo.com,河南省天津市淄川大冶路H座 416382,F,2015-04-28,00003
0000000717,严磊,szou@gmail.com,浙江省雷县浔阳陈街S座 303162,F,2019-01-21,00009
0000000718,时丽丽,xjia@gmail.com,河南省琴市山亭兴城路C座 774827,M,2020-02-25,00006
0000000719,罗莹,juanliang@gmail.com,重庆市西宁县涪城王街B座 293325,F,2012-11-07,00005
0000000720,张林,taolin@gmail.com,河南省凤英市清河赵街u座 660806,M,2015-12-06,00003
0000000721,邱玉英,daijuan@hotmail.com,宁夏回族自治区淑英县门头沟北镇路I座 772676,F,2017-12-10,00000
0000000722,刘红霞,xia05@gmail.com,安徽省畅市滨城张路i座 998175,M,2019-09-02,00009
0000000723,李建国,yan58@yahoo.com,天津市兴城市魏都拉萨街Z座 920459,F,2019-02-14,00009
0000000724,李小红,ming94@hotmail.com,安徽省建市滨城汕尾街H座 267080,M,2014-02-25,00006
0000000725,郑秀华,yangjie@hotmail.com,天津市沈阳市合川潜江街O座 254654,M,2012-10-04,00001
0000000726,刘莉,xia12@gmail.com,上海市娟市永川惠州路g座 329092,F,2020-03-15,00002
0000000727,阮彬,yangfeng@gmail.com,山西省丽娟县江北郑街j座 830766,M,2012-06-08,00007
0000000728,萧玉兰,hanlei@gmail.com,湖南省昆明县沙湾长沙路j座 776562,M,2014-01-30,00001
0000000729,邓丽丽,pingyao@yahoo.com,四川省通辽县滨城陈街K座 949146,F,2012-01-11,00009
0000000730,毛玉英,juancai@hotmail.com,甘肃省鹏市双滦柳州街I座 824840,F,2013-07-05,00003
0000000731,王瑞,jun66@gmail.com,内蒙古自治区丽娟县新城董街S座 243050,M,2011-12-13,00004
0000000732,韩婷婷,chao84@gmail.com,新疆维吾尔自治区天津市平山王路e座 441201,F,2020-01-30,00005
0000000733,安艳,chaoxiao@gmail.com,海南省婷婷市梁平天津街Y座 676852,F,2016-01-22,00007
0000000734,毛金凤,yangding@yahoo.com,重庆市东莞县梁平通辽路t座 374274,F,2014-02-05,00007
0000000735,张春梅,longming@gmail.com,上海市北镇市六枝特深圳路q座 615341,M,2017-12-28,00005
0000000736,王丽丽,kcai@hotmail.com,湖北省晨市六枝特汕尾路l座 878621,M,2016-07-25,00009
0000000737,何凯,leiliang@gmail.com,湖北省丽丽县兴山邢路K座 171718,F,2019-04-02,00000
0000000738,罗丹丹,taojia@hotmail.com,辽宁省欢市永川赵路W座 693439,F,2017-02-12,00007
0000000739,王莉,jing53@hotmail.com,吉林省杨市新城南京街r座 632521,F,2012-04-22,00006
0000000740,赵婷,li61@gmail.com,陕西省武汉市长寿陈路b座 481303,M,2018-02-25,00002
0000000741,朱芳,juanhou@gmail.com,广东省巢湖县清浦沈街P座 274475,M,2019-10-14,00010
0000000742,辛淑英,yong31@gmail.com,云南省石家庄县滨城陈路f座 930976,M,2020-03-28,00002
0000000743,胡东,fanqiang@gmail.com,湖北省旭市崇文上海路v座 202359,F,2020-02-24,00004
0000000744,张秀英,chaozhu@yahoo.com,天津市阜新市沙湾计路c座 421450,F,2011-09-20,00002
0000000745,姜霞,yang55@yahoo.com,山东省玉梅县花溪赵路O座 964990,F,2014-12-31,00003
0000000746,龚倩,hgu@yahoo.com,浙江省秀珍县西夏刘路X座 173528,M,2016-10-12,00003
0000000747,李志强,tangli@hotmail.com,河南省郑州县沈北新银川路p座 478450,F,2018-06-21,00004
0000000748,文旭,ping17@gmail.com,贵州省长春市龙潭程路y座 995888,F,2012-07-23,00006
0000000749,曾霞,luoyan@gmail.com,辽宁省通辽县普陀孙路U座 793066,M,2016-11-10,00005
0000000750,周宇,xiulan39@hotmail.com,河南省通辽市华龙佛山路B座 426678,F,2019-02-25,00008
0000000751,佘坤,pengmin@yahoo.com,浙江省丹市合川牛街C座 906123,M,2017-09-04,00002
0000000752,郭雪梅,fyin@gmail.com,江西省辛集县长寿嘉禾路Q座 814938,M,2014-10-16,00009
0000000753,周玉,zlin@gmail.com,山东省文市安次钱路R座 509915,F,2015-10-24,00000
0000000754,魏桂荣,tianfang@yahoo.com,宁夏回族自治区秀华市安次向街s座 494040,F,2016-05-12,00006
0000000755,龚倩,xiulan65@yahoo.com,广西壮族自治区沈阳县静安南京路c座 621504,M,2013-05-05,00010
0000000756,王莹,juan97@yahoo.com,河南省勇市友好张街R座 197754,M,2013-05-04,00005
0000000757,李欢,na30@yahoo.com,江苏省秀云县山亭陈路t座 290895,F,2013-06-25,00005
0000000758,钟宁,leitan@gmail.com,吉林省英县长寿李路N座 862050,M,2016-04-17,00000
0000000759,张俊,guiying07@gmail.com,北京市柳州市西峰迟街L座 437815,M,2019-05-18,00007
0000000760,钟冬梅,gangcao@yahoo.com,山东省东县东丽蒋路c座 638590,M,2014-11-07,00005
0000000761,李博,maojing@yahoo.com,河南省潜江市花溪俞街s座 397000,M,2015-07-01,00006
0000000762,张丽华,pyu@yahoo.com,海南省雷市南湖呼和浩特路t座 328837,M,2020-03-30,00007
0000000763,兰刚,ltao@yahoo.com,重庆市兴安盟县黄浦黄路b座 198173,F,2015-07-17,00005
0000000764,郭涛,sshi@hotmail.com,台湾省玉兰县合川焦路v座 628522,M,2018-02-02,00000
0000000765,董洋,wei58@yahoo.com,山西省呼和浩特市梁平石家庄街e座 284245,M,2020-07-14,00000
0000000766,王想,chao24@gmail.com,江苏省桂芝县清浦曾路z座 459708,F,2015-11-16,00004
0000000767,邱伟,span@yahoo.com,广东省澳门市海陵汤街a座 670195,F,2013-04-23,00002
0000000768,何丽娟,weizhang@gmail.com,西藏自治区鹏县大东项街g座 381602,M,2013-10-17,00003
0000000769,叶宁,liaogang@gmail.com,香港特别行政区太原市牧野洪路w座 399662,F,2014-03-15,00003
0000000770,张玉华,guiyingcai@hotmail.com,河北省秀荣县清浦石街l座 716854,F,2013-09-04,00004
0000000771,滕楠,qiantao@hotmail.com,浙江省兰州县上街哈尔滨街P座 785632,F,2019-05-26,00005
0000000772,赖凤兰,jiesu@hotmail.com,广西壮族自治区兴安盟市丰都辽阳路d座 206955,F,2012-05-18,00004
0000000773,周林,chaocui@gmail.com,江西省伟县静安关岭街i座 264984,M,2015-01-21,00002
0000000774,杨冬梅,qiang10@gmail.com,青海省桂兰县秀英邯郸街E座 615175,F,2012-08-23,00002
0000000775,朱建军,yansong@hotmail.com,四川省淑兰县花溪姚街a座 458052,M,2019-08-19,00002
0000000776,林萍,guiyingwei@yahoo.com,甘肃省玲县新城苟路R座 311350,F,2013-11-30,00004
0000000777,涂萍,yan73@gmail.com,宁夏回族自治区乌鲁木齐县房山封路P座 293794,M,2012-11-21,00003
0000000778,陈欣,rhan@hotmail.com,甘肃省长沙县长寿汕尾街J座 928334,F,2017-10-08,00004
0000000779,张桂花,yangjin@gmail.com,吉林省雪县丰都哈尔滨路J座 984337,M,2018-10-05,00005
0000000780,欧阳颖,hxiao@yahoo.com,新疆维吾尔自治区健县友好南宁路d座 716198,M,2019-11-02,00010
0000000781,杨斌,mingpan@yahoo.com,陕西省红梅市花溪台北路x座 345728,F,2014-09-13,00010
0000000782,邹杰,shenfang@gmail.com,广西壮族自治区俊县海港李路q座 143137,F,2017-11-02,00002
0000000783,徐桂芳,taoshao@yahoo.com,湖南省上海市新城孙街d座 186006,M,2012-01-10,00003
0000000784,陈晶,maoxiulan@gmail.com,广西壮族自治区凤兰市锡山吴路p座 570759,F,2013-10-31,00004
0000000785,段璐,yongyang@hotmail.com,江西省秀云县江北周街B座 129303,M,2017-12-05,00000
0000000786,郭淑兰,taoxiao@yahoo.com,北京市建军县友好杨路y座 305913,M,2015-03-14,00005
0000000787,范坤,fxue@yahoo.com,安徽省斌市牧野倪路n座 241579,M,2011-11-04,00003
0000000788,罗志强,yangxiao@gmail.com,四川省洁市梁平杨路Y座 826273,M,2019-12-19,00009
0000000789,吴玉兰,qiangma@hotmail.com,江西省南京县海港关路A座 970522,M,2018-10-31,00010
0000000790,王桂珍,pingxia@gmail.com,安徽省东莞县西夏李街T座 478561,M,2012-07-04,00007
0000000791,张利,jinglai@gmail.com,青海省辛集县华龙广州街d座 406435,M,2012-04-26,00010
0000000792,杨俊,nhan@gmail.com,内蒙古自治区萍市花溪沈街W座 109000,M,2020-04-26,00003
0000000793,张明,lutao@yahoo.com,宁夏回族自治区重庆县黄浦济南街x座 218592,F,2012-06-08,00006
0000000794,佟斌,haoming@hotmail.com,浙江省洋县南湖王路R座 797154,F,2015-06-14,00003
0000000795,孟峰,lei80@gmail.com,香港特别行政区太原县浔阳梧州路G座 932252,F,2012-06-21,00001
0000000796,王辉,jun29@gmail.com,澳门特别行政区秀英市闵行南昌路R座 562701,F,2013-10-23,00005
0000000797,沈楠,xiuying64@gmail.com,西藏自治区北京县滨城赵街G座 146111,M,2016-09-16,00004
0000000798,刘金凤,minliang@gmail.com,山东省旭县龙潭汤街J座 493188,M,2014-12-28,00009
0000000799,易金凤,sumin@gmail.com,辽宁省丹市房山张路s座 101573,F,2014-02-20,00004
0000000800,杨琴,yaomin@gmail.com,云南省广州市平山郭街i座 332886,F,2013-11-04,00006
0000000801,高琳,ylei@yahoo.com,广西壮族自治区乌鲁木齐县上街张街j座 448443,M,2013-08-03,00000
0000000802,陆燕,ping35@gmail.com,海南省关岭市璧山哈尔滨路Y座 856407,F,2016-03-12,00001
0000000803,王鹏,maoxiuying@hotmail.com,黑龙江省杰县普陀杭州路N座 456411,F,2016-11-14,00000
0000000804,缪玉华,gaoping@hotmail.com,澳门特别行政区凤英县长寿黄路K座 442998,M,2012-04-29,00006
0000000805,刘波,jiesu@hotmail.com,甘肃省洁县城北谢街Z座 290634,M,2015-10-20,00008
0000000806,傅鑫,xdong@hotmail.com,青海省鑫市闵行兴安盟路c座 153307,F,2016-08-18,00005
0000000807,刘峰,oqin@yahoo.com,湖北省娟县海陵赵路q座 961654,F,2014-12-07,00010
0000000808,涂亮,mengxia@yahoo.com,台湾省兰州县翔安张街A座 506073,F,2017-03-27,00000
0000000809,谷玉兰,yangang@gmail.com,广西壮族自治区欣县长寿廖街z座 772488,M,2018-12-21,00003
0000000810,郭淑珍,yangli@gmail.com,贵州省淑英县门头沟陈路T座 446542,F,2014-06-09,00001
0000000811,郑晶,xtang@hotmail.com,云南省太原县南长谢街j座 514371,M,2013-05-31,00008
0000000812,陈宇,xia49@gmail.com,湖北省宁市房山郝路a座 186378,F,2012-04-24,00008
0000000813,张丽,guiying33@hotmail.com,山西省静市城北陶路S座 482166,M,2017-12-06,00001
0000000814,郭欢,zhangwei@hotmail.com,江苏省婷市山亭西宁街o座 131675,M,2016-06-04,00008
0000000815,陈红霞,fangzhang@yahoo.com,台湾省建县花溪宜都街Y座 764492,F,2011-11-21,00009
0000000816,张畅,lihan@hotmail.com,河南省小红市浔阳刘路J座 444168,M,2019-08-29,00005
0000000817,郭磊,haolei@hotmail.com,天津市西宁市双滦澳门路t座 288386,M,2015-07-04,00008
0000000818,韩兰英,chao24@yahoo.com,四川省玉市东城香港街l座 505419,M,2017-01-09,00000
0000000819,王红梅,cding@gmail.com,上海市洁县闵行古路L座 835178,M,2013-02-24,00009
0000000820,袁娟,fgu@yahoo.com,重庆市六安市普陀杨路n座 760295,F,2016-08-12,00005
0000000821,孔玉,taotang@gmail.com,西藏自治区关岭市东城南京路z座 299258,F,2012-07-07,00003
0000000822,刘兵,changwei@gmail.com,宁夏回族自治区秀梅市沈北新阜新路s座 619756,M,2019-10-20,00010
0000000823,刘颖,afan@gmail.com,青海省云市永川吴路o座 528083,F,2019-06-12,00010
0000000824,高莹,fang41@hotmail.com,台湾省慧县丰都贵阳街u座 171175,F,2017-04-07,00002
0000000825,张桂花,lilei@hotmail.com,陕西省武汉市安次何路A座 500647,M,2012-12-12,00006
0000000826,张秀英,xia81@yahoo.com,福建省辛集市双滦李路p座 703152,F,2020-04-12,00009
0000000827,喻晶,zhangchao@yahoo.com,江西省齐齐哈尔市高坪邢街o座 826773,M,2015-09-01,00003
0000000828,廖岩,ming12@yahoo.com,湖北省秀荣县长寿刘路T座 526350,F,2017-03-24,00005
0000000829,谭丽娟,ping59@hotmail.com,浙江省合山市东丽孙路q座 135952,M,2015-05-26,00010
0000000830,宋玉珍,ykong@yahoo.com,重庆市台北市上街陈街y座 191254,M,2015-11-24,00006
0000000831,杜彬,hcao@hotmail.com,黑龙江省潮州市白云济南街i座 898126,F,2020-06-26,00005
0000000832,张敏,yandeng@yahoo.com,新疆维吾尔自治区合肥县金平李街b座 493957,F,2015-12-09,00010
0000000833,马丽娟,cuitao@yahoo.com,江西省南宁县城东李街D座 442718,F,2019-06-08,00009
0000000834,龚荣,jun92@yahoo.com,山东省洁县西峰张家港街n座 178275,M,2018-06-02,00004
0000000835,李东,ptan@gmail.com,甘肃省娜市长寿合肥路l座 869996,F,2015-03-08,00005
0000000836,陈建,qiang08@yahoo.com,新疆维吾尔自治区太原县崇文福州路Q座 803438,F,2013-05-20,00005
0000000837,王帆,weikang@gmail.com,吉林省上海市新城陶街B座 137247,F,2018-12-06,00006
0000000838,陈丽,yang91@yahoo.com,青海省慧市房山刘路R座 455124,F,2016-01-22,00003
0000000839,萧洋,xuna@gmail.com,广东省明县朝阳海门路C座 516485,M,2020-06-24,00004
0000000840,孙凤兰,xiangtao@hotmail.com,上海市银川县海港刘街z座 468648,F,2017-12-20,00002
0000000841,段丹,juanshao@yahoo.com,江苏省红霞县崇文马街R座 791797,F,2020-03-24,00007
0000000842,任霞,qiangjia@hotmail.com,北京市成都县新城大冶路j座 331552,F,2020-03-28,00010
0000000843,王晶,tao20@yahoo.com,广东省丽丽市房山黄街Y座 793403,F,2014-05-09,00009
0000000844,陈丽娟,xsu@yahoo.com,河南省秀云市清河合山街V座 442146,M,2016-04-21,00010
0000000845,张红梅,yangliao@hotmail.com,甘肃省永安县闵行韦路j座 753851,F,2014-09-26,00008
0000000846,解军,junyang@gmail.com,辽宁省潮州县淄川辽阳路n座 177311,M,2017-02-03,00007
0000000847,刘阳,likang@hotmail.com,广东省长沙县西夏巢湖街i座 479392,M,2017-10-21,00010
0000000848,李雪梅,vyang@gmail.com,陕西省玉梅市龙潭李路D座 462540,F,2014-05-27,00005
0000000849,王莹,xia84@hotmail.com,吉林省宁德县城北方街K座 982901,F,2016-07-16,00007
0000000850,谢俊,tao31@gmail.com,山西省嘉禾县怀柔兴安盟街c座 644012,M,2019-05-31,00003
0000000851,方帅,kfan@hotmail.com,北京市南京市沈河福州街a座 623227,M,2014-09-01,00010
0000000852,李凤英,elu@gmail.com,甘肃省彬县东城戴街j座 383836,M,2014-09-16,00004
0000000853,陈伟,huangqiang@hotmail.com,内蒙古自治区荣市梁平长沙街y座 620764,F,2016-11-07,00007
0000000854,那玉梅,na14@hotmail.com,四川省杭州县锡山陈街T座 715597,F,2014-03-14,00008
0000000855,周玉英,ogu@hotmail.com,重庆市鹏县南长陈路P座 896952,M,2014-09-04,00009
0000000856,张东,xiaping@hotmail.com,内蒙古自治区丽娟县南溪郭街b座 113024,F,2014-06-15,00000
0000000857,黄冬梅,fang01@yahoo.com,黑龙江省峰县高坪胡街z座 926444,F,2019-05-31,00005
0000000858,张欢,yitao@hotmail.com,天津市荆门县西峰杨街X座 787342,F,2018-02-21,00004
0000000859,崔利,fengyong@gmail.com,青海省雪梅县静安叶街M座 323499,F,2014-05-20,00003
0000000860,康颖,nkong@hotmail.com,安徽省建县清河杨路P座 579399,M,2015-02-27,00001
0000000861,叶莉,ming54@hotmail.com,福建省辽阳市清河王路C座 626719,F,2013-07-01,00010
0000000862,张帆,vhuang@gmail.com,重庆市齐齐哈尔市静安李路E座 976767,F,2019-05-22,00007
0000000863,仲晨,fsu@gmail.com,重庆市帅县合川严路Y座 531517,M,2015-03-26,00003
0000000864,周丽丽,chao05@yahoo.com,安徽省南京市沈河哈尔滨街N座 348823,M,2018-03-04,00004
0000000865,王娜,jiezou@gmail.com,江西省齐齐哈尔县江北关街S座 909834,F,2014-05-20,00004
0000000866,柏凤英,zhaojuan@gmail.com,河北省冬梅市海陵南昌街Z座 783582,M,2018-04-25,00006
0000000867,莫建华,gjia@yahoo.com,北京市汕尾市魏都程街T座 252767,M,2013-03-28,00001
0000000868,谢波,wangjun@gmail.com,重庆市南昌县南湖香港路h座 921307,M,2016-07-04,00003
0000000869,苏敏,na11@gmail.com,黑龙江省长春县城东佛山路m座 960740,F,2019-06-20,00006
0000000870,赵秀珍,yanma@gmail.com,青海省香港县沙湾太原街S座 827717,M,2018-12-24,00001
0000000871,刘凯,fangxie@yahoo.com,北京市帆县新城曾路e座 870295,M,2016-06-04,00001
0000000872,孙畅,fangzeng@gmail.com,澳门特别行政区燕县西夏李街m座 715375,F,2016-12-24,00008
0000000873,夏玉,taogang@yahoo.com,山东省永安市沈北新南宁路e座 306251,M,2012-03-01,00001
0000000874,李浩,xiazhang@hotmail.com,江苏省柳州市龙潭大冶路o座 710833,M,2018-09-29,00004
0000000875,秦琴,min86@yahoo.com,新疆维吾尔自治区马鞍山县丰都周街Q座 916612,M,2012-04-14,00008
0000000876,华凤兰,taogong@gmail.com,上海市建华市丰都邓路k座 864111,M,2018-09-04,00005
0000000877,刘旭,lhou@gmail.com,湖南省澳门市六枝特辽阳路I座 644955,F,2014-06-18,00008
0000000878,王雪,min52@yahoo.com,江西省淮安县清城温路I座 527754,F,2016-07-30,00009
0000000879,谢玉梅,dcai@gmail.com,湖北省飞县沙湾霍路m座 121436,F,2016-01-24,00006
0000000880,孙斌,zduan@hotmail.com,江苏省桂珍县蓟州胡路V座 907791,F,2013-09-19,00007
0000000881,陈芳,yong36@gmail.com,安徽省荆门县友好尹路p座 473042,F,2016-05-01,00003
0000000882,李丹丹,ayin@hotmail.com,河南省海口市龙潭重庆街V座 142833,F,2012-04-01,00005
0000000883,周桂兰,lei86@yahoo.com,宁夏回族自治区梧州市城北北京街g座 792085,F,2019-02-13,00001
0000000884,荆佳,luomin@yahoo.com,内蒙古自治区昆明县西峰滕街Z座 841516,F,2017-01-18,00003
0000000885,谢利,fang45@hotmail.com,浙江省勇县崇文陈路F座 891203,M,2016-05-14,00002
0000000886,蔡丹,jun94@gmail.com,海南省沈阳县沈河靳街G座 422918,M,2015-10-02,00008
0000000887,李建军,minjin@hotmail.com,北京市淑珍市华龙南昌路u座 241485,M,2012-12-27,00008
0000000888,周燕,yong87@hotmail.com,浙江省桂花县华龙时路I座 438910,F,2012-05-07,00002
0000000889,刘岩,dulei@hotmail.com,甘肃省桂珍市沈北新雷路e座 272797,F,2018-04-23,00000
0000000890,陈杨,guiying40@yahoo.com,重庆市霞县房山北京路m座 675025,M,2014-11-16,00004
0000000891,范龙,khao@gmail.com,河北省利市徐汇辛集路B座 332627,M,2016-12-14,00001
0000000892,余军,lluo@gmail.com,上海市昆明县蓟州兴安盟街D座 868081,M,2019-04-11,00010
0000000893,郭洋,xiahan@gmail.com,内蒙古自治区杰市花溪王路i座 903141,F,2019-08-01,00004
0000000894,王瑜,yan63@gmail.com,广西壮族自治区琴市清河石家庄街k座 183675,M,2014-06-30,00000
0000000895,李彬,azheng@hotmail.com,上海市太原县上街赵街Y座 105050,F,2015-01-28,00005
0000000896,姚琴,dingtao@gmail.com,澳门特别行政区银川市长寿张路I座 216422,M,2016-11-13,00007
0000000897,俞岩,yangzou@yahoo.com,贵州省欣市华龙何路g座 324128,F,2011-11-05,00004
0000000898,傅娟,hhe@gmail.com,西藏自治区东莞县淄川惠州路R座 391560,M,2017-04-24,00004
0000000899,赖丽丽,linfang@hotmail.com,山西省丹丹市和平孙路O座 207024,M,2018-06-22,00008
0000000900,彭丽丽,qiaojing@yahoo.com,浙江省秀华市清浦南京街h座 933599,F,2016-09-25,00005
0000000901,刘峰,tsu@gmail.com,北京市兴城市静安西安街y座 476670,M,2017-10-09,00004
0000000902,顾秀芳,vhu@gmail.com,香港特别行政区鹏市永川香港街o座 981776,M,2013-03-18,00005
0000000903,萧鹏,juan82@hotmail.com,山东省济南县白云太原街N座 227015,F,2014-02-16,00007
0000000904,沈畅,minghuang@gmail.com,青海省霞县南长广州路R座 985927,M,2013-10-04,00003
0000000905,姜利,yan90@hotmail.com,陕西省淮安市清城杭州路H座 711427,M,2014-02-14,00004
0000000906,崔玲,qiang17@hotmail.com,内蒙古自治区合山市城北通辽街R座 369688,F,2013-04-19,00003
0000000907,陈宇,shenxiulan@yahoo.com,甘肃省金凤市黄浦马鞍山路S座 231220,M,2014-09-25,00005
0000000908,胡健,wanna@yahoo.com,广西壮族自治区欣市花溪张街e座 166755,M,2014-10-04,00007
0000000909,汪建,dlu@hotmail.com,重庆市马鞍山县六枝特杨街O座 718710,M,2011-08-07,00007
0000000910,缪淑英,huchao@hotmail.com,四川省欢县永川通辽街F座 888995,M,2017-08-10,00008
0000000911,刘涛,yangtao@gmail.com,安徽省婷县崇文王路U座 183530,M,2019-04-06,00008
0000000912,李想,baimin@hotmail.com,山西省秀英市东丽辽阳街B座 270155,M,2019-05-03,00008
0000000913,尹芳,ycao@yahoo.com,广西壮族自治区合山市兴山南昌路c座 464788,M,2015-12-13,00008
0000000914,陈秀华,leisun@gmail.com,山东省娜市合川胡街y座 555636,M,2017-03-31,00002
0000000915,李霞,czheng@yahoo.com,甘肃省平县大兴长春街J座 786400,M,2016-06-15,00006
0000000916,温晨,tao77@hotmail.com,福建省长沙县南溪李街l座 945605,M,2013-02-18,00004
0000000917,姚建,huangqiang@gmail.com,河北省淑华市孝南徐路k座 546754,M,2014-03-06,00006
0000000918,孔玉英,dongyan@yahoo.com,天津市六安县涪城潮州路D座 374932,F,2014-01-19,00003
0000000919,李慧,xiuying32@hotmail.com,海南省亮县平山周路l座 969398,M,2018-08-09,00008
0000000920,张艳,suyong@gmail.com,甘肃省齐齐哈尔县上街重庆街f座 111115,F,2012-01-12,00007
0000000921,郑霞,xiuying36@hotmail.com,吉林省玲市长寿齐齐哈尔路K座 623130,F,2017-03-21,00008
0000000922,韦桂荣,min83@yahoo.com,浙江省天津市长寿东莞街s座 945614,M,2020-06-14,00010
0000000923,冯玲,minhe@yahoo.com,西藏自治区鹏市永川李街u座 796349,F,2016-06-10,00003
0000000924,王秀荣,chengli@gmail.com,湖南省瑞县门头沟徐路w座 413251,M,2011-11-18,00000
0000000925,曾凤兰,btian@gmail.com,湖南省桂芳县丰都乌鲁木齐路g座 449337,M,2017-07-11,00001
0000000926,郑丽娟,fuxiulan@hotmail.com,福建省婷县南长通辽路v座 773509,M,2017-11-09,00003
0000000927,郑淑英,aliu@yahoo.com,香港特别行政区合肥县璧山南京街I座 302096,M,2019-04-30,00002
0000000928,乐志强,li77@gmail.com,湖南省刚市浔阳香港路l座 306662,F,2013-03-26,00006
0000000929,李燕,xchen@hotmail.com,湖北省武汉县大东宁路f座 626820,M,2015-05-10,00001
0000000930,李雪梅,ping81@gmail.com,浙江省南宁县清城长春街F座 644999,M,2019-02-05,00004
0000000931,郭军,gongjuan@yahoo.com,黑龙江省汕尾市花溪武汉街J座 282644,M,2012-04-16,00004
0000000932,何桂花,pyin@yahoo.com,湖南省兴城市新城杜路z座 718324,F,2018-02-11,00009
0000000933,刘丽娟,liduan@yahoo.com,浙江省成县浔阳沈阳路r座 170415,F,2018-09-18,00005
0000000934,沈淑华,ilong@hotmail.com,北京市飞市白云北镇路y座 254417,F,2017-01-25,00001
0000000935,李玉珍,xia72@gmail.com,湖南省东莞县友好张街o座 677090,M,2013-06-07,00001
0000000936,王慧,wei00@hotmail.com,贵州省拉萨市涪城徐路B座 102256,F,2020-07-23,00010
0000000937,王波,wenqiang@hotmail.com,台湾省柳州县龙潭太原路O座 894203,M,2019-08-15,00003
0000000938,林利,fangkong@yahoo.com,辽宁省巢湖县双滦赵街m座 806239,F,2011-08-22,00007
0000000939,郭晨,ywen@hotmail.com,贵州省海门县华龙徐路e座 637403,M,2018-02-24,00002
0000000940,梁想,jing58@hotmail.com,云南省凯县普陀王街R座 111633,M,2020-03-02,00010
0000000941,杨丹丹,zhaolei@gmail.com,上海市海门县徐汇黄路B座 930408,M,2017-04-09,00006
0000000942,杨峰,napan@yahoo.com,山东省丽县清浦王街a座 919718,F,2012-03-17,00000
0000000943,任晶,chaoyang@gmail.com,宁夏回族自治区欢市房山香港街X座 994360,M,2012-03-29,00000
0000000944,胡洁,ping47@gmail.com,云南省天津市门头沟韩街d座 983744,M,2016-08-15,00006
0000000945,李秀华,guiying33@yahoo.com,黑龙江省燕市滨城兰街f座 201427,M,2016-11-09,00007
0000000946,赖凤英,hli@gmail.com,安徽省桂英市魏都淮安路V座 958369,F,2019-05-30,00002
0000000947,张莉,liulei@hotmail.com,广东省晶市南湖广州街O座 473288,F,2014-09-16,00010
0000000948,江杨,xiazhang@gmail.com,台湾省邯郸市高明杨路w座 378005,F,2015-09-24,00009
0000000949,王云,gang32@hotmail.com,云南省帅市徐汇兰州路e座 879833,F,2014-06-10,00003
0000000950,王建,songmin@yahoo.com,西藏自治区深圳市兴山高路v座 735678,F,2013-01-04,00000
0000000951,许瑜,naxue@hotmail.com,上海市通辽市南湖刘路R座 944174,M,2017-01-24,00003
0000000952,刘凤英,guiyingxiao@yahoo.com,陕西省永安县沙市姜路h座 906890,M,2012-07-05,00008
0000000953,张梅,izeng@gmail.com,江苏省巢湖县白云济南街Q座 643012,F,2017-08-12,00008
0000000954,陈鑫,yuanguiying@yahoo.com,江西省重庆市黄浦银川街I座 999976,M,2012-04-21,00010
0000000955,支玉,fang11@hotmail.com,上海市凤兰县江北长沙街x座 609793,M,2015-08-28,00008
0000000956,杨琳,leiming@gmail.com,河北省鑫市城北太原街L座 132407,F,2013-05-19,00005
0000000957,李桂荣,longjuan@yahoo.com,黑龙江省杨市六枝特北镇街J座 934036,M,2014-04-06,00000
0000000958,袁博,pengyan@yahoo.com,北京市建军市大东韩街b座 267946,M,2011-10-24,00001
0000000959,葛帅,yanding@gmail.com,江西省雪县翔安侯路x座 912456,F,2017-08-08,00001
0000000960,张龙,guomin@gmail.com,新疆维吾尔自治区兴城县上街合肥街j座 116821,M,2016-06-05,00005
0000000961,李丽娟,haoxiuying@yahoo.com,湖北省英市安次银川街T座 749968,M,2017-05-07,00007
0000000962,潘文,jiegu@hotmail.com,香港特别行政区强县山亭贵阳路z座 731726,M,2015-01-21,00010
0000000963,曹桂兰,luming@hotmail.com,北京市福州县合川王街x座 580925,M,2014-11-20,00005
0000000964,曾秀云,yanglei@hotmail.com,山西省小红县魏都广州街e座 367812,F,2018-08-28,00001
0000000965,景帅,xiaomin@gmail.com,黑龙江省阜新县普陀张路s座 634701,M,2019-01-29,00002
0000000966,陈红,ljin@yahoo.com,江西省福州市梁平长沙路E座 216445,F,2019-07-10,00010
0000000967,刘玉英,songli@hotmail.com,贵州省六安市长寿香港街o座 799794,M,2017-06-03,00007
0000000968,翁小红,chaoliu@gmail.com,台湾省海口县崇文郑街t座 972616,F,2012-12-13,00002
0000000969,金丽华,jieding@gmail.com,江西省桂荣县魏都沈阳路f座 967015,F,2012-08-15,00008
0000000970,沈佳,xhe@yahoo.com,四川省六安县华龙银川街L座 366873,M,2020-04-03,00001
0000000971,王凯,wei93@yahoo.com,青海省淑兰县静安关岭路i座 140821,F,2016-12-14,00003
0000000972,栾红霞,sdong@hotmail.com,江西省张家港县滨城银川街g座 429569,F,2013-10-28,00005
0000000973,管桂芳,weifang@yahoo.com,吉林省霞市朝阳潮州街S座 450541,F,2019-01-02,00009
0000000974,王慧,junyin@gmail.com,福建省波市涪城兴城路f座 568362,F,2013-10-29,00003
0000000975,董燕,hliang@yahoo.com,甘肃省南昌县高坪梁街N座 139836,M,2013-09-09,00005
0000000976,朱健,xiuyingcai@hotmail.com,宁夏回族自治区玲市涪城贵阳街L座 117185,F,2012-11-26,00004
0000000977,孙建平,jingxiong@yahoo.com,澳门特别行政区淑英县涪城李街g座 115438,F,2015-04-13,00007
0000000978,陈明,weiming@gmail.com,海南省秀珍县和平沈阳街N座 321718,M,2012-02-12,00009
0000000979,阎峰,csu@gmail.com,台湾省西宁市合川六盘水路J座 862375,M,2012-08-16,00001
0000000980,严岩,juanlei@yahoo.com,台湾省林县江北马路o座 589177,F,2011-10-08,00001
0000000981,潘秀梅,xiayan@gmail.com,重庆市北京县新城陈街q座 357627,F,2014-06-18,00003
0000000982,李淑珍,yxie@hotmail.com,贵州省琳市金平宁德街T座 600811,F,2019-09-10,00001
0000000983,陈淑华,cwang@yahoo.com,辽宁省哈尔滨市城东汕尾路q座 305189,F,2018-03-31,00004
0000000984,周荣,liaoxiulan@yahoo.com,内蒙古自治区健县合川梧州路u座 271253,F,2014-07-19,00006
0000000985,林小红,tao60@gmail.com,北京市玉珍市东城袁路H座 679255,M,2014-01-31,00007
0000000986,明楠,yaoxia@hotmail.com,台湾省哈尔滨市清浦赵街B座 180770,M,2012-03-10,00006
0000000987,叶欣,ming61@gmail.com,湖南省永安市和平佟路H座 496185,F,2017-11-18,00000
0000000988,汪军,hemin@yahoo.com,浙江省玉华县闵行银川街d座 444513,F,2016-01-13,00002
0000000989,刘博,xiuyingma@yahoo.com,青海省拉萨市长寿杨街O座 997221,F,2020-06-18,00002
0000000990,彭小红,gang91@yahoo.com,湖北省郑州县涪城黄路b座 954649,M,2019-09-04,00009
0000000991,褚秀芳,weimin@hotmail.com,湖南省杭州县南溪杨街R座 148223,M,2011-12-05,00002
0000000992,何秀华,juan40@gmail.com,广东省嘉禾市萧山大冶路j座 549492,M,2015-11-12,00001
0000000993,陈春梅,wangmin@hotmail.com,天津市飞市黄浦柳州路y座 120554,F,2020-04-24,00007
0000000994,高东,junma@hotmail.com,天津市广州县海港王路j座 798727,F,2016-07-25,00001
0000000995,黄平,jieyi@gmail.com,香港特别行政区宜都县上街张路z座 922502,F,2015-04-28,00002
0000000996,王丽丽,xshen@gmail.com,上海市佛山县朝阳陈路T座 561455,M,2013-11-13,00002
0000000997,张秀梅,yongwen@yahoo.com,陕西省关岭市西夏杨街Z座 662045,F,2016-04-12,00001
0000000998,胡艳,xia29@yahoo.com,安徽省西宁县孝南张家港街p座 580575,F,2014-09-10,00005
0000000999,王秀兰,yong09@gmail.com,上海市乌鲁木齐县白云苏街s座 753891,M,2019-08-02,00008
